trading_symbol,instrument_key
NIFTY2561923550CE,NSE_FO|50917
NIFTY2561923550PE,NSE_FO|50918
NIFTY2561923500PE,NSE_FO|50900
NIFTY27DEC30000CE,NSE_FO|35346
NIFTY25JUN27000PE,NSE_FO|50970
NIFTY25DEC27000CE,NSE_FO|50971
NIFTY25DEC27000PE,NSE_FO|50972
NIFTY26JUN27000CE,NSE_FO|50973
NIFTY2561924300CE,NSE_FO|50974
NIFTY2561924300PE,NSE_FO|50975
NIFTY26JUN27000PE,NSE_FO|50976
NIFTY2561924350CE,NSE_FO|50977
NIFTY26DEC27000CE,NSE_FO|50978
NIFTY26DEC27000PE,NSE_FO|50979
NIFTY28JUN30000CE,NSE_FO|35352
NIFTY28JUN30000PE,NSE_FO|35353
NIFTY2561924050PE,NSE_FO|50960
NIFTY2561924100CE,NSE_FO|50961
NIFTY2561924100PE,NSE_FO|50962
NIFTY27DEC30000PE,NSE_FO|35347
NIFTY2561924150CE,NSE_FO|50963
NIFTY2561924150PE,NSE_FO|50964
NIFTY2561924200CE,NSE_FO|50965
NIFTY2561924200PE,NSE_FO|50966
NIFTY2561924250CE,NSE_FO|50967
NIFTY2561924250PE,NSE_FO|50968
NIFTY25JUN27000CE,NSE_FO|50969
NIFTY2561924500PE,NSE_FO|50990
NIFTY2561924550CE,NSE_FO|50991
NIFTY2561924550PE,NSE_FO|50992
NIFTY2561924600CE,NSE_FO|50993
NIFTY2561924600PE,NSE_FO|50994
NIFTY2561924650CE,NSE_FO|50995
NIFTY2561924650PE,NSE_FO|50996
NIFTY2561924700CE,NSE_FO|50997
NIFTY2561924700PE,NSE_FO|50998
NIFTY2561924750CE,NSE_FO|50999
NIFTY2561924350PE,NSE_FO|50980
NIFTY27JUN27000CE,NSE_FO|50981
NIFTY2561924400CE,NSE_FO|50982
NIFTY2561924400PE,NSE_FO|50983
NIFTY27JUN27000PE,NSE_FO|50984
NIFTY2561924450CE,NSE_FO|50985
NIFTY2561924450PE,NSE_FO|50986
NIFTY2561924500CE,NSE_FO|50989
NIFTY2561923700PE,NSE_FO|50930
NIFTY2561923650PE,NSE_FO|50928
NIFTY2561923700CE,NSE_FO|50929
NIFTY2561923600CE,NSE_FO|50925
NIFTY2561923600PE,NSE_FO|50926
NIFTY2561923650CE,NSE_FO|50927
NIFTY2561923850PE,NSE_FO|50950
NIFTY2561923900CE,NSE_FO|50951
NIFTY2561923900PE,NSE_FO|50952
NIFTY2561923950CE,NSE_FO|50953
NIFTY2561923950PE,NSE_FO|50954
NIFTY2561924000CE,NSE_FO|50955
NIFTY2561924000PE,NSE_FO|50958
NIFTY2561924050CE,NSE_FO|50959
NIFTY2561923750CE,NSE_FO|50941
NIFTY2561923750PE,NSE_FO|50942
NIFTY2561923800CE,NSE_FO|50943
NIFTY2561923800PE,NSE_FO|50944
NIFTY2561923850CE,NSE_FO|50949
NIFTY25DEC30000PE,NSE_FO|35222
NIFTY25DEC30000CE,NSE_FO|35221
NIFTY25JUN30000CE,NSE_FO|35219
NIFTY2561922850PE,NSE_FO|50850
NIFTY2561922900CE,NSE_FO|50851
NIFTY2561922900PE,NSE_FO|50852
NIFTY2561922950CE,NSE_FO|50853
NIFTY2561922950PE,NSE_FO|50856
NIFTY2561923000CE,NSE_FO|50857
NIFTY2561923000PE,NSE_FO|50858
NIFTY2561923050CE,NSE_FO|50859
NIFTY26DEC30000CE,NSE_FO|35235
NIFTY26JUN30000PE,NSE_FO|35231
NIFTY26JUN30000CE,NSE_FO|35229
NIFTY2561922850CE,NSE_FO|50849
NIFTY26DEC30000PE,NSE_FO|35237
NIFTY2561923100PE,NSE_FO|50874
NIFTY2561923150CE,NSE_FO|50875
NIFTY2561923150PE,NSE_FO|50876
NIFTY2561923200CE,NSE_FO|50877
NIFTY2561923200PE,NSE_FO|50878
NIFTY2561923050PE,NSE_FO|50860
NIFTY2561923100CE,NSE_FO|50863
NIFTY27JUN30000CE,NSE_FO|35262
NIFTY27JUN30000PE,NSE_FO|35263
NIFTY2561923400CE,NSE_FO|50895
NIFTY2561923400PE,NSE_FO|50896
NIFTY2561923450CE,NSE_FO|50897
NIFTY2561923450PE,NSE_FO|50898
NIFTY2561923500CE,NSE_FO|50899
NIFTY2561923250CE,NSE_FO|50881
NIFTY2561923250PE,NSE_FO|50882
NIFTY2561923300CE,NSE_FO|50883
NIFTY2561923300PE,NSE_FO|50884
NIFTY2561923350CE,NSE_FO|50885
NIFTY2561923350PE,NSE_FO|50886
NIFTY200 QUALTY30,NSE_INDEX|NIFTY200 QUALTY30
NIFTY LARGEMID250,NSE_INDEX|NIFTY LARGEMID250
NIFTY100EW,NSE_EQ|INF174KA1UW4
NIFTY100 QUALTY30,NSE_INDEX|NIFTY100 Qualty30
NIFTY MEDIA,NSE_INDEX|Nifty Media
NIFTY CONSUMPTION,NSE_INDEX|Nifty Consumption
NIFTY HOUSING,NSE_INDEX|Nifty Housing
NIFTY1,NSE_EQ|INF174K014P6
NIFTY50 SHARIAH,NSE_INDEX|Nifty50 Shariah
NIFTY RURAL,NSE_INDEX|Nifty Rural
NIFTY CPSE,NSE_INDEX|Nifty CPSE
NIFTY25JUN17000CE,NSE_FO|45865
NIFTY25JUN17000PE,NSE_FO|45866
NIFTY25DEC17000CE,NSE_FO|45873
NIFTY25DEC17000PE,NSE_FO|45874
NIFTY MIDCAP 50,NSE_INDEX|Nifty Midcap 50
NIFTY500 SHARIAH,NSE_INDEX|Nifty500 Shariah
NIFTY25JUN18000PE,NSE_FO|55120
NIFTY25DEC18000CE,NSE_FO|55121
NIFTY25DEC18000PE,NSE_FO|55122
NIFTY25JUN18000CE,NSE_FO|55119
NIFTYBEES,NSE_EQ|INF204KB14I2
NIFTY25JUL24750PE,NSE_FO|55790
NIFTY25JUL24800CE,NSE_FO|55791
NIFTY25JUL24850PE,NSE_FO|55794
NIFTY25JUL24900CE,NSE_FO|55795
NIFTY25JUL24800PE,NSE_FO|55792
NIFTY25JUL24850CE,NSE_FO|55793
NIFTY25JUL24700CE,NSE_FO|55787
NIFTY25JUL24700PE,NSE_FO|55788
NIFTY25JUL24650CE,NSE_FO|55785
NIFTY25JUL24650PE,NSE_FO|55786
NIFTY25JUL24750CE,NSE_FO|55789
NIFTY25JUL24500PE,NSE_FO|55780
NIFTY25JUL24600CE,NSE_FO|55783
NIFTY25JUL24600PE,NSE_FO|55784
NIFTY25JUL24550CE,NSE_FO|55781
NIFTY25JUL24550PE,NSE_FO|55782
NIFTY25JUL24400PE,NSE_FO|55776
NIFTY25JUL24450CE,NSE_FO|55777
NIFTY25JUL24350PE,NSE_FO|55774
NIFTY25JUL24400CE,NSE_FO|55775
NIFTY25JUL24450PE,NSE_FO|55778
NIFTY25JUL24500CE,NSE_FO|55779
NIFTY25JUL24950PE,NSE_FO|55798
NIFTY25JUL25000CE,NSE_FO|55799
NIFTY25JUL24900PE,NSE_FO|55796
NIFTY25JUL24950CE,NSE_FO|55797
NIFTY AUTO,NSE_INDEX|Nifty Auto
NIFTY25JUL25050PE,NSE_FO|55802
NIFTY25JUL25100CE,NSE_FO|55803
NIFTY25JUL25000PE,NSE_FO|55800
NIFTY25JUL25050CE,NSE_FO|55801
NIFTY25JUL25150PE,NSE_FO|55806
NIFTY25JUL25200CE,NSE_FO|55807
NIFTY25JUL25100PE,NSE_FO|55804
NIFTY25JUL25150CE,NSE_FO|55805
NIFTY25JUL25200PE,NSE_FO|55808
NIFTY25JUL25250CE,NSE_FO|55809
NIFTY SHARIAH 25,NSE_INDEX|Nifty Shariah 25
NIFTY25JUL26550CE,NSE_FO|55871
NIFTY25JUL26550PE,NSE_FO|55872
NIFTY25JUL26500PE,NSE_FO|55870
NIFTY25JUL26350PE,NSE_FO|55864
NIFTY25JUL26400CE,NSE_FO|55865
NIFTY25JUL26300PE,NSE_FO|55862
NIFTY25JUL26350CE,NSE_FO|55863
NIFTY25JUL26450PE,NSE_FO|55868
NIFTY25JUL26500CE,NSE_FO|55869
NIFTY25JUL26400PE,NSE_FO|55866
NIFTY25JUL26450CE,NSE_FO|55867
NIFTY25JUL26250PE,NSE_FO|55860
NIFTY25JUL26300CE,NSE_FO|55861
NIFTY25JUL26100CE,NSE_FO|55853
NIFTY25JUL26100PE,NSE_FO|55854
NIFTY25JUL26050CE,NSE_FO|55851
NIFTY25JUL26050PE,NSE_FO|55852
NIFTY25JUL26200CE,NSE_FO|55857
NIFTY25JUL26200PE,NSE_FO|55858
NIFTY25JUL26150CE,NSE_FO|55855
NIFTY25JUL26150PE,NSE_FO|55856
NIFTY25JUL26250CE,NSE_FO|55859
NIFTY25JUL26800PE,NSE_FO|55884
NIFTY25JUL26750PE,NSE_FO|55882
NIFTY25JUL26800CE,NSE_FO|55883
NIFTY25JUL26700PE,NSE_FO|55880
NIFTY25JUL26750CE,NSE_FO|55881
NIFTY25JUL26600PE,NSE_FO|55875
NIFTY25JUL26650CE,NSE_FO|55876
NIFTY25JUL26600CE,NSE_FO|55873
NIFTY25JUL26700CE,NSE_FO|55879
NIFTY25JUL26650PE,NSE_FO|55878
NIFTY25JUL25400PE,NSE_FO|55820
NIFTY25JUL25450CE,NSE_FO|55821
NIFTY25JUL25450PE,NSE_FO|55824
NIFTY25JUL25500CE,NSE_FO|55825
NIFTY25JUL25550CE,NSE_FO|55829
NIFTY25JUL25500PE,NSE_FO|55826
NIFTY25JUL25250PE,NSE_FO|55810
NIFTY25JUL25300CE,NSE_FO|55811
NIFTY25JUL25300PE,NSE_FO|55812
NIFTY25JUL25400CE,NSE_FO|55817
NIFTY25JUL25350CE,NSE_FO|55815
NIFTY25JUL25350PE,NSE_FO|55816
NIFTY25JUL26000PE,NSE_FO|55850
NIFTY25JUL25850PE,NSE_FO|55843
NIFTY25JUL25800PE,NSE_FO|55840
NIFTY25JUL25850CE,NSE_FO|55841
NIFTY25JUL25900PE,NSE_FO|55846
NIFTY25JUL25950CE,NSE_FO|55847
NIFTY25JUL25900CE,NSE_FO|55844
NIFTY25JUL25950PE,NSE_FO|55848
NIFTY25JUL26000CE,NSE_FO|55849
NIFTY25JUL25600CE,NSE_FO|55831
NIFTY25JUL25600PE,NSE_FO|55832
NIFTY25JUL25550PE,NSE_FO|55830
NIFTY25JUL25700CE,NSE_FO|55835
NIFTY25JUL25700PE,NSE_FO|55836
NIFTY25JUL25650CE,NSE_FO|55833
NIFTY25JUL25650PE,NSE_FO|55834
NIFTY25JUL25800CE,NSE_FO|55839
NIFTY25JUL25750CE,NSE_FO|55837
NIFTY25JUL25750PE,NSE_FO|55838
NIFTY25JUL22900CE,NSE_FO|55699
NIFTY25JUL22300CE,NSE_FO|55673
NIFTY25JUL22300PE,NSE_FO|55674
NIFTY25JUL22250CE,NSE_FO|55671
NIFTY25JUL22250PE,NSE_FO|55672
NIFTY25JUL22750CE,NSE_FO|55691
NIFTY25JUL22750PE,NSE_FO|55692
NIFTY25JUL22700PE,NSE_FO|55690
NIFTY25JUL22850CE,NSE_FO|55695
NIFTY25JUL22850PE,NSE_FO|55696
NIFTY25JUL22800CE,NSE_FO|55693
NIFTY25JUL22800PE,NSE_FO|55694
NIFTY25JUL22650PE,NSE_FO|55688
NIFTY25JUL22700CE,NSE_FO|55689
NIFTY25JUL22600PE,NSE_FO|55686
NIFTY25JUL22650CE,NSE_FO|55687
NIFTY25JUL22450PE,NSE_FO|55680
NIFTY25JUL22500CE,NSE_FO|55681
NIFTY25JUL22550PE,NSE_FO|55684
NIFTY25JUL22600CE,NSE_FO|55685
NIFTY25JUL22500PE,NSE_FO|55682
NIFTY25JUL22550CE,NSE_FO|55683
NIFTY25JUL22400CE,NSE_FO|55677
NIFTY25JUL22400PE,NSE_FO|55678
NIFTY25JUL22350CE,NSE_FO|55675
NIFTY25JUL22350PE,NSE_FO|55676
NIFTY25JUL22450CE,NSE_FO|55679
NIFTY COREHOUSING,NSE_INDEX|Nifty CoreHousing
NIFTY REALTY,NSE_INDEX|Nifty Realty
NIFTY25JUL23800PE,NSE_FO|55750
NIFTY25JUL23850CE,NSE_FO|55751
NIFTY25JUL23650CE,NSE_FO|55743
NIFTY25JUL23650PE,NSE_FO|55744
NIFTY25JUL23750CE,NSE_FO|55747
NIFTY25JUL23750PE,NSE_FO|55748
NIFTY25JUL23700CE,NSE_FO|55745
NIFTY25JUL23700PE,NSE_FO|55746
NIFTY25JUL23800CE,NSE_FO|55749
NIFTY25JUL23600PE,NSE_FO|55740
NIFTY25JUL23400PE,NSE_FO|55732
NIFTY25JUL23450CE,NSE_FO|55733
NIFTY25JUL23350PE,NSE_FO|55730
NIFTY25JUL23400CE,NSE_FO|55731
NIFTY25JUL23500PE,NSE_FO|55736
NIFTY25JUL23550CE,NSE_FO|55737
NIFTY25JUL23450PE,NSE_FO|55734
NIFTY25JUL23500CE,NSE_FO|55735
NIFTY25JUL23550PE,NSE_FO|55738
NIFTY25JUL23600CE,NSE_FO|55739
NIFTY25JUL24300PE,NSE_FO|55772
NIFTY25JUL24350CE,NSE_FO|55773
NIFTY25JUL24250PE,NSE_FO|55770
NIFTY25JUL24300CE,NSE_FO|55771
NIFTY25JUL24200CE,NSE_FO|55765
NIFTY25JUL24200PE,NSE_FO|55766
NIFTY25JUL24150CE,NSE_FO|55763
NIFTY25JUL24150PE,NSE_FO|55764
NIFTY25JUL24250CE,NSE_FO|55767
NIFTY25JUL24100CE,NSE_FO|55761
NIFTY25JUL24100PE,NSE_FO|55762
NIFTY25JUL24050PE,NSE_FO|55760
NIFTY25JUL23900PE,NSE_FO|55754
NIFTY25JUL23950CE,NSE_FO|55755
NIFTY25JUL23850PE,NSE_FO|55752
NIFTY25JUL23900CE,NSE_FO|55753
NIFTY25JUL24000PE,NSE_FO|55758
NIFTY25JUL24050CE,NSE_FO|55759
NIFTY25JUL23950PE,NSE_FO|55756
NIFTY25JUL24000CE,NSE_FO|55757
NIFTY25JUL22900PE,NSE_FO|55700
NIFTY25JUL23000CE,NSE_FO|55703
NIFTY25JUL23000PE,NSE_FO|55704
NIFTY25JUL22950CE,NSE_FO|55701
NIFTY25JUL22950PE,NSE_FO|55702
NIFTY25JUL23050CE,NSE_FO|55705
NIFTY25JUL23050PE,NSE_FO|55706
NIFTY25JUL23150CE,NSE_FO|55721
NIFTY25JUL23150PE,NSE_FO|55722
NIFTY25JUL23100PE,NSE_FO|55720
NIFTY25JUL23250CE,NSE_FO|55725
NIFTY25JUL23250PE,NSE_FO|55726
NIFTY25JUL23200CE,NSE_FO|55723
NIFTY25JUL23200PE,NSE_FO|55724
NIFTY25JUL23350CE,NSE_FO|55729
NIFTY25JUL23300CE,NSE_FO|55727
NIFTY25JUL23300PE,NSE_FO|55728
NIFTY25JUL23100CE,NSE_FO|55711
NIFTY MULTI MFG,NSE_INDEX|Nifty Multi Mfg
NIFTY INFRA,NSE_INDEX|Nifty Infra
NIFTY29JUN29000PE,NSE_FO|89641
NIFTY29JUN30000CE,NSE_FO|89642
NIFTY29JUN29000CE,NSE_FO|89640
NIFTY2561925450PE,NSE_FO|51030
NIFTY2561925500CE,NSE_FO|51031
NIFTY2561925500PE,NSE_FO|51032
NIFTY2561925250PE,NSE_FO|51022
NIFTY2561925300CE,NSE_FO|51023
NIFTY2561925300PE,NSE_FO|51024
NIFTY2561925350CE,NSE_FO|51025
NIFTY2561925350PE,NSE_FO|51026
NIFTY2561925400CE,NSE_FO|51027
NIFTY2561925400PE,NSE_FO|51028
NIFTY2561925450CE,NSE_FO|51029
NIFTY29JUN28000CE,NSE_FO|89638
NIFTY29JUN28000PE,NSE_FO|89639
NIFTY29JUN27000CE,NSE_FO|89636
NIFTY29JUN27000PE,NSE_FO|89637
NIFTY29JUN26000CE,NSE_FO|89634
NIFTY29JUN26000PE,NSE_FO|89635
NIFTY29JUN25000CE,NSE_FO|89632
NIFTY29JUN25000PE,NSE_FO|89633
NIFTY2561925200PE,NSE_FO|51020
NIFTY2561925250CE,NSE_FO|51021
NIFTY2561925000CE,NSE_FO|51011
NIFTY2561925000PE,NSE_FO|51012
NIFTY2561925050CE,NSE_FO|51013
NIFTY2561925050PE,NSE_FO|51014
NIFTY2561925100CE,NSE_FO|51015
NIFTY2561925100PE,NSE_FO|51016
NIFTY2561925150CE,NSE_FO|51017
NIFTY2561925150PE,NSE_FO|51018
NIFTY2561925200CE,NSE_FO|51019
NIFTY29JUN30000PE,NSE_FO|89643
NIFTY2561925850PE,NSE_FO|51050
NIFTY2561925900CE,NSE_FO|51051
NIFTY2561925900PE,NSE_FO|51052
NIFTY2561925950CE,NSE_FO|51053
NIFTY2561925950PE,NSE_FO|51054
NIFTY2561925700PE,NSE_FO|51044
NIFTY2561925750CE,NSE_FO|51045
NIFTY2561925750PE,NSE_FO|51046
NIFTY2561925800CE,NSE_FO|51047
NIFTY2561925800PE,NSE_FO|51048
NIFTY2561925850CE,NSE_FO|51049
NIFTY29JUN20000CE,NSE_FO|89616
NIFTY29JUN19000CE,NSE_FO|89614
NIFTY29JUN19000PE,NSE_FO|89615
NIFTY29JUN18000CE,NSE_FO|89612
NIFTY29JUN18000PE,NSE_FO|89613
NIFTY29JUN17000CE,NSE_FO|89610
NIFTY29JUN17000PE,NSE_FO|89611
NIFTY29JUN24000CE,NSE_FO|89630
NIFTY29JUN24000PE,NSE_FO|89631
NIFTY2561925650PE,NSE_FO|51040
NIFTY2561925700CE,NSE_FO|51043
NIFTY2561925550CE,NSE_FO|51033
NIFTY2561925550PE,NSE_FO|51034
NIFTY2561925600CE,NSE_FO|51035
NIFTY2561925600PE,NSE_FO|51038
NIFTY2561925650CE,NSE_FO|51039
NIFTY29JUN23000PE,NSE_FO|89629
NIFTY29JUN22000PE,NSE_FO|89627
NIFTY29JUN23000CE,NSE_FO|89628
NIFTY29JUN21000PE,NSE_FO|89625
NIFTY29JUN22000CE,NSE_FO|89626
NIFTY29JUN20000PE,NSE_FO|89623
NIFTY29JUN21000CE,NSE_FO|89624
NIFTY2561924950PE,NSE_FO|51010
NIFTY2561924750PE,NSE_FO|51000
NIFTY2561924800CE,NSE_FO|51001
NIFTY2561924800PE,NSE_FO|51002
NIFTY2561924850CE,NSE_FO|51003
NIFTY2561924850PE,NSE_FO|51004
NIFTY2561924900CE,NSE_FO|51007
NIFTY2561924900PE,NSE_FO|51008
NIFTY2561924950CE,NSE_FO|51009
NIFTY MIDSML HLTH,NSE_INDEX|Nifty MidSml Hlth
NIFTY MS IND CONS,NSE_INDEX|Nifty MS Ind Cons
NIFTY2570323050CE,NSE_FO|55993
NIFTY2570323000PE,NSE_FO|55990
NIFTY2570322950CE,NSE_FO|55985
NIFTY2570322900CE,NSE_FO|55983
NIFTY2570322900PE,NSE_FO|55984
NIFTY2570323000CE,NSE_FO|55989
NIFTY2570322950PE,NSE_FO|55988
NIFTY2570322850CE,NSE_FO|55981
NIFTY2570322850PE,NSE_FO|55982
NIFTY25JUN21000PE,NSE_FO|51450
NIFTY25JUN21000CE,NSE_FO|51449
NIFTY25DEC21000CE,NSE_FO|51451
NIFTY25DEC21000PE,NSE_FO|51452
NIFTY26JUN21000CE,NSE_FO|51453
NIFTY26JUN21000PE,NSE_FO|51455
NIFTY100 ESG,NSE_INDEX|NIFTY100 ESG
NIFTYBETF,NSE_EQ|INF0QA701722
NIFTY2561926350PE,NSE_FO|51070
NIFTY2561926400CE,NSE_FO|51071
NIFTY2561926400PE,NSE_FO|51073
NIFTY2561926450CE,NSE_FO|51075
NIFTY2561926450PE,NSE_FO|51076
NIFTY2561926250PE,NSE_FO|51066
NIFTY2561926300CE,NSE_FO|51067
NIFTY2561926300PE,NSE_FO|51068
NIFTY2561926350CE,NSE_FO|51069
NIFTY2561926100PE,NSE_FO|51060
NIFTY2561926150CE,NSE_FO|51061
NIFTY2561926150PE,NSE_FO|51062
NIFTY2561926200CE,NSE_FO|51063
NIFTY2561926200PE,NSE_FO|51064
NIFTY2561926250CE,NSE_FO|51065
NIFTY2561926000CE,NSE_FO|51055
NIFTY2561926000PE,NSE_FO|51056
NIFTY2561926050CE,NSE_FO|51057
NIFTY2561926050PE,NSE_FO|51058
NIFTY2561926100CE,NSE_FO|51059
NIFTY2561926750PE,NSE_FO|51090
NIFTY2561926800CE,NSE_FO|51091
NIFTY2561926800PE,NSE_FO|51092
NIFTY2561926700PE,NSE_FO|51088
NIFTY2561926750CE,NSE_FO|51089
NIFTY2561926550PE,NSE_FO|51082
NIFTY2561926600CE,NSE_FO|51083
NIFTY2561926600PE,NSE_FO|51084
NIFTY2561926650CE,NSE_FO|51085
NIFTY2561926650PE,NSE_FO|51086
NIFTY2561926700CE,NSE_FO|51087
NIFTY2561926500CE,NSE_FO|51077
NIFTY2561926500PE,NSE_FO|51078
NIFTY2561926550CE,NSE_FO|51079
NIFTY GS COMPSITE,NSE_INDEX|Nifty GS Compsite
NIFTY MOBILITY,NSE_INDEX|Nifty Mobility
NIFTY DIV OPPS 50,NSE_INDEX|Nifty Div Opps 50
NIFTY25DEC19500CE,NSE_FO|36688
NIFTY EV,NSE_INDEX|Nifty EV
NIFTY IT,NSE_INDEX|Nifty IT
NIFTY29DEC21000PE,NSE_FO|61660
NIFTY29DEC21000CE,NSE_FO|61659
NIFTY PSE,NSE_INDEX|Nifty PSE
NIFTY29DEC19000PE,NSE_FO|61403
NIFTY29DEC19000CE,NSE_FO|61402
NIFTY29DEC20000CE,NSE_FO|61410
NIFTY29DEC20000PE,NSE_FO|61411
NIFTY,NSE_INDEX|Nifty 50
NIFTY29DEC18000PE,NSE_FO|61391
NIFTY29DEC18000CE,NSE_FO|61390
NIFTY29DEC17000CE,NSE_FO|61382
NIFTY29DEC17000PE,NSE_FO|61383
NIFTY25DEC26000PE,NSE_FO|71403
NIFTY26JUN25000PE,NSE_FO|71475
NIFTY26JUN26000CE,NSE_FO|71476
NIFTY26JUN26000PE,NSE_FO|71477
NIFTY26JUN24000CE,NSE_FO|71472
NIFTY26JUN24000PE,NSE_FO|71473
NIFTY26JUN25000CE,NSE_FO|71474
NIFTY200 VALUE 30,NSE_INDEX|Nifty200 Value 30
NIFTY29DEC29000PE,NSE_FO|61915
NIFTY29DEC29000CE,NSE_FO|61914
NIFTY29DEC30000PE,NSE_FO|61933
NIFTY29DEC30000CE,NSE_FO|61932
NIFTY25DEC25000PE,NSE_FO|71398
NIFTY25DEC26000CE,NSE_FO|71399
NIFTY25DEC24000PE,NSE_FO|71394
NIFTY25DEC25000CE,NSE_FO|71395
NIFTY25JUN24000CE,NSE_FO|71379
NIFTY25JUN24000PE,NSE_FO|71380
NIFTY25JUN25000CE,NSE_FO|71381
NIFTY25JUN25000PE,NSE_FO|71382
NIFTY25JUN26000CE,NSE_FO|71383
NIFTY25JUN26000PE,NSE_FO|71384
NIFTY25DEC24000CE,NSE_FO|71393
NIFTY29DEC28000CE,NSE_FO|61858
NIFTY29DEC28000PE,NSE_FO|61859
NIFTY ENERGY,NSE_INDEX|Nifty Energy
NIFTY29DEC24000CE,NSE_FO|61748
NIFTY29DEC24000PE,NSE_FO|61749
NIFTY29DEC23000CE,NSE_FO|61746
NIFTY29DEC23000PE,NSE_FO|61747
NIFTY29DEC22000CE,NSE_FO|61744
NIFTY29DEC22000PE,NSE_FO|61745
NIFTYNXT50,NSE_INDEX|Nifty Next 50
NIFTY29DEC26000PE,NSE_FO|61779
NIFTY29DEC26000CE,NSE_FO|61778
NIFTY29DEC25000PE,NSE_FO|61773
NIFTY29DEC25000CE,NSE_FO|61772
NIFTY29DEC27000PE,NSE_FO|61795
NIFTY29DEC27000CE,NSE_FO|61794
NIFTYNXT5025JUL58000CE,NSE_FO|56201
NIFTYNXT5025JUL58000PE,NSE_FO|56202
NIFTY25AUG23100PE,NSE_FO|71846
NIFTY25AUG23150CE,NSE_FO|71847
NIFTY25AUG23150PE,NSE_FO|71848
NIFTY25AUG23200CE,NSE_FO|71849
NIFTY25AUG23000PE,NSE_FO|71842
NIFTY25AUG23050CE,NSE_FO|71843
NIFTY25AUG23050PE,NSE_FO|71844
NIFTY25AUG23100CE,NSE_FO|71845
NIFTY25AUG23000CE,NSE_FO|71841
NIFTYNXT5025JUL58800PE,NSE_FO|56220
NIFTYNXT5025JUL59000CE,NSE_FO|56223
NIFTY2570323600PE,NSE_FO|56224
NIFTYNXT5025JUL58900CE,NSE_FO|56221
NIFTYNXT5025JUL58900PE,NSE_FO|56222
NIFTYNXT5025JUL58700CE,NSE_FO|56216
NIFTY2570323600CE,NSE_FO|56217
NIFTYNXT5025JUL58600CE,NSE_FO|56214
NIFTYNXT5025JUL58600PE,NSE_FO|56215
NIFTYNXT5025JUL58700PE,NSE_FO|56218
NIFTYNXT5025JUL58800CE,NSE_FO|56219
NIFTYNXT5025JUL58500CE,NSE_FO|56212
NIFTYNXT5025JUL58500PE,NSE_FO|56213
NIFTY2570323550PE,NSE_FO|56210
NIFTYNXT5025JUL61300CE,NSE_FO|56281
NIFTYNXT5025JUL61300PE,NSE_FO|56282
NIFTYNXT5025JUL61200PE,NSE_FO|56280
NIFTYNXT5025JUL61500CE,NSE_FO|56285
NIFTYNXT5025JUL61500PE,NSE_FO|56286
NIFTYNXT5025JUL61400CE,NSE_FO|56283
NIFTYNXT5025JUL61400PE,NSE_FO|56284
NIFTYNXT5025JUL61700CE,NSE_FO|56289
NIFTYNXT5025JUL61600CE,NSE_FO|56287
NIFTYNXT5025JUL61600PE,NSE_FO|56288
NIFTYNXT5025JUL60800PE,NSE_FO|56270
NIFTYNXT5025JUL60900CE,NSE_FO|56271
NIFTYNXT5025JUL61000PE,NSE_FO|56274
NIFTYNXT5025JUL61100CE,NSE_FO|56275
NIFTYNXT5025JUL60900PE,NSE_FO|56272
NIFTYNXT5025JUL61000CE,NSE_FO|56273
NIFTYNXT5025JUL61100PE,NSE_FO|56278
NIFTYNXT5025JUL61200CE,NSE_FO|56279
NIFTYNXT5025JUL60800CE,NSE_FO|56269
NIFTYNXT5025JUL61800PE,NSE_FO|56292
NIFTYNXT5025JUL61900CE,NSE_FO|56293
NIFTYNXT5025JUL61700PE,NSE_FO|56290
NIFTYNXT5025JUL61800CE,NSE_FO|56291
NIFTYNXT5025JUL62000PE,NSE_FO|56296
NIFTYNXT5025JUL62100CE,NSE_FO|56297
NIFTYNXT5025JUL61900PE,NSE_FO|56294
NIFTYNXT5025JUL62000CE,NSE_FO|56295
NIFTYNXT5025JUL62100PE,NSE_FO|56298
NIFTYNXT5025JUL62200CE,NSE_FO|56299
NIFTY2570323750CE,NSE_FO|56241
NIFTY25AUG23500PE,NSE_FO|71871
NIFTY2570323750PE,NSE_FO|56242
NIFTY25AUG23550CE,NSE_FO|71872
NIFTY25AUG23550PE,NSE_FO|71873
NIFTY2570323700PE,NSE_FO|56240
NIFTY25AUG23600CE,NSE_FO|71874
NIFTYNXT5025JUL59700CE,NSE_FO|56245
NIFTYNXT5025JUL59700PE,NSE_FO|56246
NIFTY2570323800CE,NSE_FO|56243
NIFTYNXT5025JUL59600PE,NSE_FO|56244
NIFTYNXT5025JUL59500PE,NSE_FO|56238
NIFTYNXT5025JUL59600CE,NSE_FO|56239
NIFTYNXT5025JUL59400PE,NSE_FO|56236
NIFTYNXT5025JUL59500CE,NSE_FO|56237
NIFTY2570323650PE,NSE_FO|56230
NIFTY2570323700CE,NSE_FO|56231
NIFTYNXT5025JUL59300PE,NSE_FO|56234
NIFTYNXT5025JUL59400CE,NSE_FO|56235
NIFTYNXT5025JUL59200PE,NSE_FO|56232
NIFTYNXT5025JUL59300CE,NSE_FO|56233
NIFTYNXT5025JUL59100CE,NSE_FO|56227
NIFTYNXT5025JUL59100PE,NSE_FO|56228
NIFTY2570323650CE,NSE_FO|56225
NIFTYNXT5025JUL59000PE,NSE_FO|56226
NIFTYNXT5025JUL59200CE,NSE_FO|56229
NIFTY25AUG23350PE,NSE_FO|71857
NIFTY25AUG23400CE,NSE_FO|71858
NIFTY25AUG23300CE,NSE_FO|71853
NIFTYNXT5025JUL60400PE,NSE_FO|56260
NIFTY25AUG23300PE,NSE_FO|71855
NIFTY25AUG23350CE,NSE_FO|71856
NIFTYNXT5025JUL60600CE,NSE_FO|56263
NIFTYNXT5025JUL60600PE,NSE_FO|56264
NIFTY25AUG23200PE,NSE_FO|71850
NIFTYNXT5025JUL60500CE,NSE_FO|56261
NIFTY25AUG23250CE,NSE_FO|71851
NIFTYNXT5025JUL60500PE,NSE_FO|56262
NIFTY25AUG23250PE,NSE_FO|71852
NIFTY2570323850CE,NSE_FO|56267
NIFTYNXT5025JUL60700PE,NSE_FO|56268
NIFTYNXT5025JUL60700CE,NSE_FO|56265
NIFTY2570323800PE,NSE_FO|56266
NIFTYNXT5025JUL60300PE,NSE_FO|56258
NIFTYNXT5025JUL60400CE,NSE_FO|56259
NIFTY25AUG23500CE,NSE_FO|71864
NIFTYNXT5025JUL60000PE,NSE_FO|56252
NIFTYNXT5025JUL60100CE,NSE_FO|56253
NIFTY25AUG23400PE,NSE_FO|71861
NIFTYNXT5025JUL59900PE,NSE_FO|56250
NIFTY25AUG23450CE,NSE_FO|71862
NIFTYNXT5025JUL60000CE,NSE_FO|56251
NIFTY25AUG23450PE,NSE_FO|71863
NIFTYNXT5025JUL60200PE,NSE_FO|56256
NIFTYNXT5025JUL60300CE,NSE_FO|56257
NIFTYNXT5025JUL60100PE,NSE_FO|56254
NIFTYNXT5025JUL60200CE,NSE_FO|56255
NIFTYNXT5025JUL59900CE,NSE_FO|56249
NIFTYNXT5025JUL59800CE,NSE_FO|56247
NIFTYNXT5025JUL59800PE,NSE_FO|56248
NIFTYNXT5025JUL53000PE,NSE_FO|56102
NIFTYNXT5025JUL53500CE,NSE_FO|56103
NIFTYNXT5025JUL53000CE,NSE_FO|56100
NIFTY2570323350CE,NSE_FO|56101
NIFTY2570323450CE,NSE_FO|56164
NIFTYNXT5025JUL56500CE,NSE_FO|56162
NIFTYNXT5025JUL56500PE,NSE_FO|56163
NIFTYNXT5025JUL56000CE,NSE_FO|56151
NIFTYNXT5025JUL56000PE,NSE_FO|56152
NIFTY2570323400PE,NSE_FO|56158
NIFTYNXT5025JUL57500PE,NSE_FO|56186
NIFTYNXT5025JUL57500CE,NSE_FO|56185
NIFTY2570323450PE,NSE_FO|56188
NIFTY2570323500CE,NSE_FO|56189
NIFTYNXT5025JUL57000CE,NSE_FO|56173
NIFTYNXT5025JUL57000PE,NSE_FO|56174
NIFTY2570323400CE,NSE_FO|56120
NIFTYNXT5025JUL54500CE,NSE_FO|56117
NIFTYNXT5025JUL54500PE,NSE_FO|56118
NIFTY2570323350PE,NSE_FO|56119
NIFTYNXT5025JUL54000CE,NSE_FO|56107
NIFTYNXT5025JUL53500PE,NSE_FO|56104
NIFTYNXT5025JUL54000PE,NSE_FO|56108
NIFTYNXT5025JUL55500PE,NSE_FO|56140
NIFTYNXT5025JUL55500CE,NSE_FO|56139
NIFTYNXT5025JUL55000PE,NSE_FO|56130
NIFTYNXT5025JUL55000CE,NSE_FO|56129
NIFTY2570323500PE,NSE_FO|56194
NIFTY2570323550CE,NSE_FO|56195
NIFTY IPO,NSE_INDEX|Nifty IPO
NIFTY2570323100CE,NSE_FO|56083
NIFTY2570323100PE,NSE_FO|56084
NIFTY2570323050PE,NSE_FO|56082
NIFTY2570323200CE,NSE_FO|56087
NIFTY2570323200PE,NSE_FO|56088
NIFTY2570323150CE,NSE_FO|56085
NIFTY2570323150PE,NSE_FO|56086
NIFTY2570323250CE,NSE_FO|56089
NIFTY2570323250PE,NSE_FO|56090
NIFTY2570323300PE,NSE_FO|56094
NIFTY2570323300CE,NSE_FO|56093
NIFTYNXT5025JUL52500CE,NSE_FO|56098
NIFTYNXT5025JUL52500PE,NSE_FO|56099
NIFTY27JUN22000CE,NSE_FO|71556
NIFTY27JUN22000PE,NSE_FO|71557
NIFTY27JUN23000CE,NSE_FO|71558
NIFTY27JUN23000PE,NSE_FO|71559
NIFTY27JUN20000PE,NSE_FO|71552
NIFTY27JUN21000CE,NSE_FO|71553
NIFTY27JUN21000PE,NSE_FO|71554
NIFTY27JUN19000PE,NSE_FO|71550
NIFTY27JUN20000CE,NSE_FO|71551
NIFTY27JUN25000PE,NSE_FO|71563
NIFTY27JUN26000CE,NSE_FO|71564
NIFTY27JUN26000PE,NSE_FO|71565
NIFTY27JUN24000CE,NSE_FO|71560
NIFTY27JUN24000PE,NSE_FO|71561
NIFTY27JUN25000CE,NSE_FO|71562
NIFTY27JUN19000CE,NSE_FO|71549
NIFTY27JUN17000CE,NSE_FO|71545
NIFTY27JUN17000PE,NSE_FO|71546
NIFTY27JUN18000CE,NSE_FO|71547
NIFTY27JUN18000PE,NSE_FO|71548
NIFTY26DEC26000CE,NSE_FO|71505
NIFTY26DEC26000PE,NSE_FO|71506
NIFTY26DEC24000CE,NSE_FO|71501
NIFTY26DEC24000PE,NSE_FO|71502
NIFTY26DEC25000CE,NSE_FO|71503
NIFTY26DEC25000PE,NSE_FO|71504
NIFTY2570324950CE,NSE_FO|56685
NIFTY2570324900PE,NSE_FO|56684
NIFTY2570324850PE,NSE_FO|56670
NIFTY2570324900CE,NSE_FO|56671
NIFTYNXT5025JUL77500CE,NSE_FO|56665
NIFTYNXT5025JUL77500PE,NSE_FO|56666
NIFTY2570324950PE,NSE_FO|56698
NIFTY2570325000CE,NSE_FO|56699
NIFTYNXT5025JUL76000PE,NSE_FO|56634
NIFTYNXT5025JUL76000CE,NSE_FO|56633
NIFTYNXT5025JUL75500PE,NSE_FO|56624
NIFTYNXT5025JUL75500CE,NSE_FO|56621
NIFTYNXT5025JUL77000PE,NSE_FO|56656
NIFTYNXT5025JUL77000CE,NSE_FO|56655
NIFTYNXT5025JUL76500CE,NSE_FO|56645
NIFTYNXT5025JUL76500PE,NSE_FO|56646
NIFTY NONCYC CONS,NSE_INDEX|Nifty NonCyc Cons
NIFTY2570325000PE,NSE_FO|56704
NIFTY2570325050CE,NSE_FO|56705
NIFTY2570325200PE,NSE_FO|56740
NIFTY2570325250CE,NSE_FO|56741
NIFTY2570325150CE,NSE_FO|56733
NIFTY2570325100PE,NSE_FO|56732
NIFTY2570325150PE,NSE_FO|56738
NIFTY2570325200CE,NSE_FO|56739
NIFTY2570325050PE,NSE_FO|56728
NIFTY2570325100CE,NSE_FO|56729
NIFTYNXT5025JUL73000PE,NSE_FO|56560
NIFTYNXT5025JUL73000CE,NSE_FO|56559
NIFTYNXT5025JUL72500PE,NSE_FO|56550
NIFTYNXT5025JUL72500CE,NSE_FO|56549
NIFTYNXT5025JUL74000PE,NSE_FO|56580
NIFTYNXT5025JUL74000CE,NSE_FO|56579
NIFTYNXT5025JUL73500PE,NSE_FO|56570
NIFTYNXT5025JUL73500CE,NSE_FO|56569
NIFTYNXT5025JUL71300PE,NSE_FO|56520
NIFTYNXT5025JUL71400CE,NSE_FO|56521
NIFTYNXT5025JUL71000CE,NSE_FO|56511
NIFTYNXT5025JUL71000PE,NSE_FO|56512
NIFTYNXT5025JUL71200CE,NSE_FO|56517
NIFTYNXT5025JUL71200PE,NSE_FO|56518
NIFTYNXT5025JUL71100CE,NSE_FO|56515
NIFTYNXT5025JUL71100PE,NSE_FO|56516
NIFTYNXT5025JUL71300CE,NSE_FO|56519
NIFTYNXT5025JUL70900PE,NSE_FO|56510
NIFTYNXT5025JUL70500PE,NSE_FO|56502
NIFTYNXT5025JUL70600CE,NSE_FO|56503
NIFTYNXT5025JUL70400PE,NSE_FO|56500
NIFTYNXT5025JUL70500CE,NSE_FO|56501
NIFTYNXT5025JUL70700PE,NSE_FO|56506
NIFTYNXT5025JUL70800CE,NSE_FO|56507
NIFTYNXT5025JUL70600PE,NSE_FO|56504
NIFTYNXT5025JUL70700CE,NSE_FO|56505
NIFTYNXT5025JUL70800PE,NSE_FO|56508
NIFTYNXT5025JUL70900CE,NSE_FO|56509
NIFTY2570324600PE,NSE_FO|56540
NIFTY2570324650CE,NSE_FO|56541
NIFTY2570324600CE,NSE_FO|56533
NIFTYNXT5025JUL72000CE,NSE_FO|56537
NIFTYNXT5025JUL72000PE,NSE_FO|56538
NIFTY2570324550PE,NSE_FO|56532
NIFTYNXT5025JUL71400PE,NSE_FO|56524
NIFTYNXT5025JUL71500CE,NSE_FO|56525
NIFTYNXT5025JUL71500PE,NSE_FO|56526
NIFTY2570324700CE,NSE_FO|56593
NIFTY2570324700PE,NSE_FO|56594
NIFTY2570324650PE,NSE_FO|56592
NIFTYNXT5025JUL74500CE,NSE_FO|56597
NIFTYNXT5025JUL74500PE,NSE_FO|56598
NIFTY2570324750CE,NSE_FO|56595
NIFTY2570324850CE,NSE_FO|56612
NIFTYNXT5025JUL75000PE,NSE_FO|56610
NIFTY2570324800PE,NSE_FO|56611
NIFTY2570324800CE,NSE_FO|56605
NIFTY2570324750PE,NSE_FO|56604
NIFTYNXT5025JUL75000CE,NSE_FO|56609
NIFTY2570324150PE,NSE_FO|56440
NIFTYNXT5025JUL68400CE,NSE_FO|56443
NIFTYNXT5025JUL68400PE,NSE_FO|56444
NIFTY2570324200CE,NSE_FO|56441
NIFTYNXT5025JUL68300PE,NSE_FO|56442
NIFTY2570324150CE,NSE_FO|56436
NIFTYNXT5025JUL68200CE,NSE_FO|56434
NIFTY2570324100PE,NSE_FO|56435
NIFTYNXT5025JUL68200PE,NSE_FO|56438
NIFTYNXT5025JUL68300CE,NSE_FO|56439
NIFTYNXT5025JUL68100PE,NSE_FO|56433
NIFTY2570324050PE,NSE_FO|56430
NIFTY2570324100CE,NSE_FO|56431
NIFTY2570323950PE,NSE_FO|56425
NIFTY2570324000CE,NSE_FO|56426
NIFTYNXT5025JUL68000PE,NSE_FO|56423
NIFTY2570323950CE,NSE_FO|56424
NIFTY2570324050CE,NSE_FO|56429
NIFTY2570324000PE,NSE_FO|56427
NIFTYNXT5025JUL68100CE,NSE_FO|56428
NIFTYNXT5025JUL69100CE,NSE_FO|56461
NIFTYNXT5025JUL69100PE,NSE_FO|56462
NIFTYNXT5025JUL69000PE,NSE_FO|56460
NIFTY2570324300PE,NSE_FO|56465
NIFTY2570324350CE,NSE_FO|56466
NIFTY2570324250PE,NSE_FO|56463
NIFTY2570324300CE,NSE_FO|56464
NIFTYNXT5025JUL69000CE,NSE_FO|56459
NIFTYNXT5025JUL68900PE,NSE_FO|56456
NIFTYNXT5025JUL68700PE,NSE_FO|56450
NIFTY2570324200PE,NSE_FO|56451
NIFTYNXT5025JUL68800PE,NSE_FO|56454
NIFTYNXT5025JUL68900CE,NSE_FO|56455
NIFTY2570324250CE,NSE_FO|56452
NIFTYNXT5025JUL68800CE,NSE_FO|56453
NIFTYNXT5025JUL68600CE,NSE_FO|56447
NIFTYNXT5025JUL68600PE,NSE_FO|56448
NIFTYNXT5025JUL68500CE,NSE_FO|56445
NIFTYNXT5025JUL68500PE,NSE_FO|56446
NIFTYNXT5025JUL68700CE,NSE_FO|56449
NIFTYNXT5025JUL66900PE,NSE_FO|56400
NIFTYNXT5025JUL68000CE,NSE_FO|56421
NIFTY2570323900PE,NSE_FO|56422
NIFTYNXT5025JUL67900PE,NSE_FO|56420
NIFTYNXT5025JUL67600PE,NSE_FO|56414
NIFTYNXT5025JUL67700CE,NSE_FO|56415
NIFTYNXT5025JUL67500PE,NSE_FO|56412
NIFTYNXT5025JUL67600CE,NSE_FO|56413
NIFTYNXT5025JUL67800PE,NSE_FO|56418
NIFTYNXT5025JUL67900CE,NSE_FO|56419
NIFTYNXT5025JUL67700PE,NSE_FO|56416
NIFTYNXT5025JUL67800CE,NSE_FO|56417
NIFTYNXT5025JUL67400PE,NSE_FO|56410
NIFTYNXT5025JUL67500CE,NSE_FO|56411
NIFTYNXT5025JUL67100CE,NSE_FO|56403
NIFTYNXT5025JUL67100PE,NSE_FO|56404
NIFTYNXT5025JUL67000CE,NSE_FO|56401
NIFTYNXT5025JUL67000PE,NSE_FO|56402
NIFTYNXT5025JUL67300CE,NSE_FO|56407
NIFTYNXT5025JUL67300PE,NSE_FO|56408
NIFTYNXT5025JUL67200CE,NSE_FO|56405
NIFTYNXT5025JUL67200PE,NSE_FO|56406
NIFTYNXT5025JUL67400CE,NSE_FO|56409
NIFTY2570324450CE,NSE_FO|56480
NIFTYNXT5025JUL69800CE,NSE_FO|56483
NIFTYNXT5025JUL69800PE,NSE_FO|56484
NIFTYNXT5025JUL69700CE,NSE_FO|56481
NIFTYNXT5025JUL69700PE,NSE_FO|56482
NIFTYNXT5025JUL70000CE,NSE_FO|56487
NIFTYNXT5025JUL70000PE,NSE_FO|56488
NIFTYNXT5025JUL69900CE,NSE_FO|56485
NIFTYNXT5025JUL69900PE,NSE_FO|56486
NIFTYNXT5025JUL69600PE,NSE_FO|56478
NIFTY2570324400PE,NSE_FO|56479
NIFTYNXT5025JUL69400PE,NSE_FO|56472
NIFTY2570324350PE,NSE_FO|56473
NIFTYNXT5025JUL69300PE,NSE_FO|56470
NIFTYNXT5025JUL69400CE,NSE_FO|56471
NIFTYNXT5025JUL69500PE,NSE_FO|56476
NIFTYNXT5025JUL69600CE,NSE_FO|56477
NIFTY2570324400CE,NSE_FO|56474
NIFTYNXT5025JUL69500CE,NSE_FO|56475
NIFTYNXT5025JUL69300CE,NSE_FO|56469
NIFTYNXT5025JUL69200CE,NSE_FO|56467
NIFTYNXT5025JUL69200PE,NSE_FO|56468
NIFTYNXT5025JUL70100PE,NSE_FO|56490
NIFTYNXT5025JUL70200CE,NSE_FO|56491
NIFTYNXT5025JUL70300PE,NSE_FO|56494
NIFTY2570324450PE,NSE_FO|56495
NIFTYNXT5025JUL70200PE,NSE_FO|56492
NIFTYNXT5025JUL70300CE,NSE_FO|56493
NIFTY2570324550CE,NSE_FO|56498
NIFTYNXT5025JUL70400CE,NSE_FO|56499
NIFTY2570324500CE,NSE_FO|56496
NIFTY2570324500PE,NSE_FO|56497
NIFTYNXT5025JUL70100CE,NSE_FO|56489
NIFTYMS400 MQ 100,NSE_INDEX|NiftyMS400 MQ 100
NIFTY MNC,NSE_INDEX|Nifty MNC
NIFTY25AUG24550CE,NSE_FO|71956
NIFTY25AUG24550PE,NSE_FO|71957
NIFTY25AUG24600CE,NSE_FO|71958
NIFTY25AUG24600PE,NSE_FO|71959
NIFTY25AUG24450CE,NSE_FO|71952
NIFTY25AUG24450PE,NSE_FO|71953
NIFTY25AUG24500CE,NSE_FO|71954
NIFTY25AUG24500PE,NSE_FO|71955
NIFTY25AUG24400CE,NSE_FO|71950
NIFTY25AUG24400PE,NSE_FO|71951
NIFTYNXT5025JUL63300PE,NSE_FO|56322
NIFTYNXT5025JUL63400CE,NSE_FO|56323
NIFTYNXT5025JUL63200PE,NSE_FO|56320
NIFTYNXT5025JUL63300CE,NSE_FO|56321
NIFTYNXT5025JUL63000CE,NSE_FO|56315
NIFTYNXT5025JUL63000PE,NSE_FO|56316
NIFTYNXT5025JUL62900CE,NSE_FO|56313
NIFTYNXT5025JUL62900PE,NSE_FO|56314
NIFTYNXT5025JUL63200CE,NSE_FO|56319
NIFTYNXT5025JUL63100CE,NSE_FO|56317
NIFTYNXT5025JUL63100PE,NSE_FO|56318
NIFTY25AUG24800PE,NSE_FO|71967
NIFTY25AUG24850CE,NSE_FO|71968
NIFTY25AUG24850PE,NSE_FO|71969
NIFTY25AUG24700PE,NSE_FO|71963
NIFTY25AUG24750CE,NSE_FO|71964
NIFTY25AUG24750PE,NSE_FO|71965
NIFTY25AUG24800CE,NSE_FO|71966
NIFTY25AUG24650CE,NSE_FO|71960
NIFTY25AUG24650PE,NSE_FO|71961
NIFTY25AUG24700CE,NSE_FO|71962
NIFTYNXT5025JUL62800CE,NSE_FO|56311
NIFTYNXT5025JUL62800PE,NSE_FO|56312
NIFTYNXT5025JUL62700PE,NSE_FO|56310
NIFTYNXT5025JUL62400PE,NSE_FO|56304
NIFTYNXT5025JUL62500CE,NSE_FO|56305
NIFTYNXT5025JUL62300PE,NSE_FO|56302
NIFTYNXT5025JUL62400CE,NSE_FO|56303
NIFTYNXT5025JUL62600PE,NSE_FO|56308
NIFTYNXT5025JUL62700CE,NSE_FO|56309
NIFTYNXT5025JUL62500PE,NSE_FO|56306
NIFTYNXT5025JUL62600CE,NSE_FO|56307
NIFTY25AUG24050CE,NSE_FO|71934
NIFTY25AUG24050PE,NSE_FO|71935
NIFTY25AUG24100CE,NSE_FO|71936
NIFTY25AUG24100PE,NSE_FO|71937
NIFTY25AUG23950CE,NSE_FO|71930
NIFTY25AUG23950PE,NSE_FO|71931
NIFTY25AUG24000CE,NSE_FO|71932
NIFTY25AUG24000PE,NSE_FO|71933
NIFTYNXT5025JUL64100PE,NSE_FO|56340
NIFTYNXT5025JUL64200CE,NSE_FO|56341
NIFTYNXT5025JUL64300PE,NSE_FO|56344
NIFTYNXT5025JUL64400CE,NSE_FO|56345
NIFTYNXT5025JUL64200PE,NSE_FO|56342
NIFTYNXT5025JUL64300CE,NSE_FO|56343
NIFTYNXT5025JUL64000CE,NSE_FO|56337
NIFTYNXT5025JUL64000PE,NSE_FO|56338
NIFTYNXT5025JUL63900CE,NSE_FO|56335
NIFTYNXT5025JUL63900PE,NSE_FO|56336
NIFTYNXT5025JUL64100CE,NSE_FO|56339
NIFTY25AUG24150CE,NSE_FO|71938
NIFTY25AUG24150PE,NSE_FO|71939
NIFTY25AUG24250PE,NSE_FO|71945
NIFTY25AUG24300CE,NSE_FO|71946
NIFTY25AUG24300PE,NSE_FO|71947
NIFTY25AUG24350CE,NSE_FO|71948
NIFTY25AUG24200PE,NSE_FO|71943
NIFTY25AUG24250CE,NSE_FO|71944
NIFTY25AUG24200CE,NSE_FO|71940
NIFTYNXT5025JUL63800CE,NSE_FO|56333
NIFTYNXT5025JUL63800PE,NSE_FO|56334
NIFTYNXT5025JUL63700PE,NSE_FO|56332
NIFTYNXT5025JUL63500PE,NSE_FO|56326
NIFTYNXT5025JUL63600CE,NSE_FO|56327
NIFTYNXT5025JUL63400PE,NSE_FO|56324
NIFTYNXT5025JUL63500CE,NSE_FO|56325
NIFTYNXT5025JUL63600PE,NSE_FO|56328
NIFTYNXT5025JUL63700CE,NSE_FO|56329
NIFTY25AUG24350PE,NSE_FO|71949
NIFTY25AUG23600PE,NSE_FO|71913
NIFTY25AUG23650CE,NSE_FO|71914
NIFTY25AUG23650PE,NSE_FO|71915
NIFTY25AUG23700CE,NSE_FO|71916
NIFTY25AUG23750PE,NSE_FO|71923
NIFTY25AUG23800CE,NSE_FO|71924
NIFTY25AUG23800PE,NSE_FO|71925
NIFTY25AUG23850CE,NSE_FO|71926
NIFTY25AUG23700PE,NSE_FO|71921
NIFTY25AUG23750CE,NSE_FO|71922
NIFTY25AUG23850PE,NSE_FO|71927
NIFTY25AUG23900CE,NSE_FO|71928
NIFTY25AUG23900PE,NSE_FO|71929
NIFTYNXT5025JUL62200PE,NSE_FO|56300
NIFTYNXT5025JUL62300CE,NSE_FO|56301
NIFTYNXT5025JUL66500CE,NSE_FO|56391
NIFTYNXT5025JUL66500PE,NSE_FO|56392
NIFTYNXT5025JUL66400PE,NSE_FO|56390
NIFTYNXT5025JUL66700CE,NSE_FO|56395
NIFTYNXT5025JUL66700PE,NSE_FO|56396
NIFTYNXT5025JUL66600CE,NSE_FO|56393
NIFTYNXT5025JUL66600PE,NSE_FO|56394
NIFTYNXT5025JUL66900CE,NSE_FO|56399
NIFTYNXT5025JUL66800CE,NSE_FO|56397
NIFTYNXT5025JUL66800PE,NSE_FO|56398
NIFTYNXT5025JUL65100PE,NSE_FO|56362
NIFTY25AUG25200CE,NSE_FO|71992
NIFTYNXT5025JUL65200CE,NSE_FO|56363
NIFTYNXT5025JUL65000PE,NSE_FO|56360
NIFTYNXT5025JUL65100CE,NSE_FO|56361
NIFTYNXT5025JUL65300PE,NSE_FO|56366
NIFTYNXT5025JUL65400CE,NSE_FO|56367
NIFTY25AUG25150CE,NSE_FO|71990
NIFTYNXT5025JUL65200PE,NSE_FO|56364
NIFTY25AUG25150PE,NSE_FO|71991
NIFTYNXT5025JUL65300CE,NSE_FO|56365
NIFTYNXT5025JUL65000CE,NSE_FO|56359
NIFTYNXT5025JUL64900CE,NSE_FO|56357
NIFTYNXT5025JUL64900PE,NSE_FO|56358
NIFTYNXT5025JUL64600CE,NSE_FO|56351
NIFTYNXT5025JUL64600PE,NSE_FO|56352
NIFTYNXT5025JUL64500PE,NSE_FO|56350
NIFTYNXT5025JUL64800CE,NSE_FO|56355
NIFTYNXT5025JUL64800PE,NSE_FO|56356
NIFTYNXT5025JUL64700CE,NSE_FO|56353
NIFTYNXT5025JUL64700PE,NSE_FO|56354
NIFTYNXT5025JUL64400PE,NSE_FO|56348
NIFTYNXT5025JUL64500CE,NSE_FO|56349
NIFTY2570323850PE,NSE_FO|56346
NIFTY2570323900CE,NSE_FO|56347
NIFTYNXT5025JUL66000PE,NSE_FO|56380
NIFTY25AUG25000CE,NSE_FO|71974
NIFTYNXT5025JUL66100CE,NSE_FO|56381
NIFTY25AUG25000PE,NSE_FO|71975
NIFTY25AUG25050CE,NSE_FO|71976
NIFTYNXT5025JUL66200PE,NSE_FO|56384
NIFTY25AUG24900CE,NSE_FO|71970
NIFTY25AUG24900PE,NSE_FO|71971
NIFTYNXT5025JUL66100PE,NSE_FO|56382
NIFTY25AUG24950CE,NSE_FO|71972
NIFTYNXT5025JUL66200CE,NSE_FO|56383
NIFTY25AUG24950PE,NSE_FO|71973
NIFTYNXT5025JUL66300PE,NSE_FO|56388
NIFTYNXT5025JUL66400CE,NSE_FO|56389
NIFTYNXT5025JUL66300CE,NSE_FO|56387
NIFTYNXT5025JUL66000CE,NSE_FO|56379
NIFTY25AUG25100PE,NSE_FO|71989
NIFTYNXT5025JUL65500PE,NSE_FO|56370
NIFTY25AUG25050PE,NSE_FO|71987
NIFTY25AUG25100CE,NSE_FO|71988
NIFTYNXT5025JUL65700CE,NSE_FO|56373
NIFTYNXT5025JUL65700PE,NSE_FO|56374
NIFTYNXT5025JUL65600CE,NSE_FO|56371
NIFTYNXT5025JUL65600PE,NSE_FO|56372
NIFTYNXT5025JUL65900CE,NSE_FO|56377
NIFTYNXT5025JUL65900PE,NSE_FO|56378
NIFTYNXT5025JUL65800CE,NSE_FO|56375
NIFTYNXT5025JUL65800PE,NSE_FO|56376
NIFTYNXT5025JUL65400PE,NSE_FO|56368
NIFTYNXT5025JUL65500CE,NSE_FO|56369
NIFTY IND DIGITAL,NSE_INDEX|NIFTY IND DIGITAL
NIFTY IND TOURISM,NSE_INDEX|Nifty Ind Tourism
NIFTY2570325700CE,NSE_FO|56998
NIFTY2570325650CE,NSE_FO|56984
NIFTY2570325650PE,NSE_FO|56985
NIFTY MICROCAP250,NSE_INDEX|NIFTY MICROCAP250
NIFTY SML250 Q50,NSE_INDEX|Nifty Sml250 Q50
NIFTY2570325500PE,NSE_FO|56887
NIFTY2570325550CE,NSE_FO|56888
NIFTY2570325600PE,NSE_FO|56960
NIFTY2570325550PE,NSE_FO|56924
NIFTY2570325600CE,NSE_FO|56925
NIFTYNXT5025JUNFUT,NSE_FO|56786
NIFTY2570325300CE,NSE_FO|56755
NIFTY2570325250PE,NSE_FO|56754
NIFTY2570325350PE,NSE_FO|56780
NIFTY2570325400CE,NSE_FO|56781
NIFTY25JUNFUT,NSE_FO|56785
NIFTY2570325300PE,NSE_FO|56775
NIFTY2570325350CE,NSE_FO|56776
NIFTY25DEC31000CE,NSE_FO|42129
NIFTY2570325500CE,NSE_FO|56843
NIFTY2570325450PE,NSE_FO|56842
NIFTY2570325400PE,NSE_FO|56804
NIFTY2570325450CE,NSE_FO|56805
NIFTY500MOMENTM50,NSE_INDEX|Nifty500Momentm50
NIFTY50 VALUE 20,NSE_INDEX|Nifty50 Value 20
NIFTYM150MOMNTM50,NSE_INDEX|NiftyM150Momntm50
NIFTY25JUN20800PE,NSE_FO|62086
NIFTY25JUN20850CE,NSE_FO|62087
NIFTY25JUN20750PE,NSE_FO|62080
NIFTY25JUN20800CE,NSE_FO|62081
NIFTY25JUN20750CE,NSE_FO|62077
NIFTY25JUN20700CE,NSE_FO|62075
NIFTY25JUN20700PE,NSE_FO|62076
NIFTY25JUN20650CE,NSE_FO|62073
NIFTY25JUN20650PE,NSE_FO|62074
NIFTY25JUN20600CE,NSE_FO|62071
NIFTY25JUN20600PE,NSE_FO|62072
NIFTY25JUN20550PE,NSE_FO|62070
NIFTY25JUN20500PE,NSE_FO|62066
NIFTY25JUN20550CE,NSE_FO|62067
NIFTY25JUN20950CE,NSE_FO|62099
NIFTY25JUN20900PE,NSE_FO|62098
NIFTY25JUN20900CE,NSE_FO|62091
NIFTY25JUN20850PE,NSE_FO|62090
NIFTY25JUN21800CE,NSE_FO|62163
NIFTY25JUN21800PE,NSE_FO|62164
NIFTY25JUN21750CE,NSE_FO|62161
NIFTY25JUN21750PE,NSE_FO|62162
NIFTY25JUN21700PE,NSE_FO|62160
NIFTY25JUN21650PE,NSE_FO|62156
NIFTY25JUN21700CE,NSE_FO|62157
NIFTY28JUN19000CE,NSE_FO|86141
NIFTY28JUN19000PE,NSE_FO|86142
NIFTY28JUN20000CE,NSE_FO|86143
NIFTY28JUN20000PE,NSE_FO|86144
NIFTY28JUN18000PE,NSE_FO|86140
NIFTY25JUN21650CE,NSE_FO|62149
NIFTY28JUN17000PE,NSE_FO|86138
NIFTY28JUN18000CE,NSE_FO|86139
NIFTY25JUN21600CE,NSE_FO|62147
NIFTY25JUN21600PE,NSE_FO|62148
NIFTY25JUN21550CE,NSE_FO|62145
NIFTY25JUN21550PE,NSE_FO|62146
NIFTY25JUN21500CE,NSE_FO|62143
NIFTY25JUN21500PE,NSE_FO|62144
NIFTY28JUN17000CE,NSE_FO|86137
NIFTY25JUN22150CE,NSE_FO|62185
NIFTY25JUN22150PE,NSE_FO|62186
NIFTY25JUN22100PE,NSE_FO|62184
NIFTY500 LMS EQL,NSE_INDEX|Nifty500 LMS Eql
NIFTY25JUN22050PE,NSE_FO|62174
NIFTY25JUN22100CE,NSE_FO|62175
NIFTY25JUN21950PE,NSE_FO|62172
NIFTY25JUN22050CE,NSE_FO|62173
NIFTY25JUN21900PE,NSE_FO|62170
NIFTY25JUN21950CE,NSE_FO|62171
NIFTY25JUN21900CE,NSE_FO|62167
NIFTY25JUN21850CE,NSE_FO|62165
NIFTY25JUN21850PE,NSE_FO|62166
NIFTY25JUN21050CE,NSE_FO|62105
NIFTY25JUN20950PE,NSE_FO|62104
NIFTY25JUN21450CE,NSE_FO|62141
NIFTY25JUN21450PE,NSE_FO|62142
NIFTY25JUN21400PE,NSE_FO|62140
NIFTY25JUN21350PE,NSE_FO|62138
NIFTY25JUN21400CE,NSE_FO|62139
NIFTY25JUN21300PE,NSE_FO|62136
NIFTY25JUN21350CE,NSE_FO|62137
NIFTY25JUN21250PE,NSE_FO|62134
NIFTY25JUN21300CE,NSE_FO|62135
NIFTY25JUN21200PE,NSE_FO|62132
NIFTY25JUN21250CE,NSE_FO|62133
NIFTY25JUN21200CE,NSE_FO|62127
NIFTY25JUN21150CE,NSE_FO|62125
NIFTY25JUN21150PE,NSE_FO|62126
NIFTY25JUN21100PE,NSE_FO|62124
NIFTY25JUN21050PE,NSE_FO|62121
NIFTY25JUN21100CE,NSE_FO|62122
NIFTY25JUN20450PE,NSE_FO|62064
NIFTY25JUN20500CE,NSE_FO|62065
NIFTY25JUN20400PE,NSE_FO|62062
NIFTY25JUN20450CE,NSE_FO|62063
NIFTY25JUN20400CE,NSE_FO|62061
NIFTY500 QLTY50,NSE_INDEX|Nifty500 Qlty50
NIFTY INDIA MFG,NSE_INDEX|NIFTY INDIA MFG
NIFTY METAL,NSE_INDEX|Nifty Metal
NIFTY25JUN26800CE,NSE_FO|62505
NIFTY25JUN26800PE,NSE_FO|62506
NIFTY25JUN26750CE,NSE_FO|62503
NIFTY25JUN26750PE,NSE_FO|62504
NIFTY25JUN26700CE,NSE_FO|62501
NIFTY25JUN26700PE,NSE_FO|62502
NIFTY25JUN26650PE,NSE_FO|62500
NIFTY500 EW,NSE_INDEX|Nifty500 EW
NIFTY25JUN25850CE,NSE_FO|62439
NIFTY25JUN25800PE,NSE_FO|62438
NIFTY25JUN25800CE,NSE_FO|62433
NIFTY25JUN25750CE,NSE_FO|62431
NIFTY25JUN25750PE,NSE_FO|62432
NIFTY25JUN25700PE,NSE_FO|62430
NIFTY25JUN25650PE,NSE_FO|62428
NIFTY25JUN25700CE,NSE_FO|62429
NIFTY25JUN25600PE,NSE_FO|62426
NIFTY25JUN25650CE,NSE_FO|62427
NIFTY25JUN25550PE,NSE_FO|62424
NIFTY25JUN25600CE,NSE_FO|62425
NIFTY25JUN25500PE,NSE_FO|62422
NIFTY25JUN25550CE,NSE_FO|62423
NIFTY25JUN25450PE,NSE_FO|62420
NIFTY25JUN25500CE,NSE_FO|62421
NIFTY25JUN26150PE,NSE_FO|62460
NIFTY25JUN26200CE,NSE_FO|62461
NIFTY25JUN26150CE,NSE_FO|62459
NIFTY25JUN26100PE,NSE_FO|62458
NIFTY25JUN26050PE,NSE_FO|62446
NIFTY25JUN26100CE,NSE_FO|62447
NIFTY25JUN25950PE,NSE_FO|62444
NIFTY25JUN26050CE,NSE_FO|62445
NIFTY25JUN25900PE,NSE_FO|62442
NIFTY25JUN25950CE,NSE_FO|62443
NIFTY25JUN25850PE,NSE_FO|62440
NIFTY25JUN25900CE,NSE_FO|62441
NIFTY25JUN25450CE,NSE_FO|62419
NIFTY25JUN25400CE,NSE_FO|62417
NIFTY25JUN25400PE,NSE_FO|62418
NIFTY25JUN25350CE,NSE_FO|62415
NIFTY25JUN25350PE,NSE_FO|62416
NIFTY25JUN25300PE,NSE_FO|62414
NIFTY25JUN25300CE,NSE_FO|62411
NIFTY25JUN25250PE,NSE_FO|62410
NIFTY25JUN25200PE,NSE_FO|62408
NIFTY25JUN25250CE,NSE_FO|62409
NIFTY25JUN25150PE,NSE_FO|62406
NIFTY25JUN25200CE,NSE_FO|62407
NIFTY25JUN25100PE,NSE_FO|62402
NIFTY25JUN25150CE,NSE_FO|62403
NIFTY25JUN25050PE,NSE_FO|62400
NIFTY25JUN25100CE,NSE_FO|62401
NIFTY50 PR 2X LEV,NSE_INDEX|Nifty50 PR 2x Lev
NIFTY25JUN26550PE,NSE_FO|62482
NIFTY25JUN26600CE,NSE_FO|62483
NIFTY25JUN26550CE,NSE_FO|62475
NIFTY25JUN26500CE,NSE_FO|62473
NIFTY25JUN26500PE,NSE_FO|62474
NIFTY25JUN26450CE,NSE_FO|62471
NIFTY25JUN26450PE,NSE_FO|62472
NIFTY25JUN26400PE,NSE_FO|62470
NIFTY25JUN26350PE,NSE_FO|62468
NIFTY25JUN26400CE,NSE_FO|62469
NIFTY25JUN26300PE,NSE_FO|62466
NIFTY25JUN26350CE,NSE_FO|62467
NIFTY25JUN26250PE,NSE_FO|62464
NIFTY25JUN26300CE,NSE_FO|62465
NIFTY25JUN26200PE,NSE_FO|62462
NIFTY25JUN26250CE,NSE_FO|62463
NIFTY25JUN26600PE,NSE_FO|62486
NIFTY25JUN26650CE,NSE_FO|62487
NIFTY50 TR 2X LEV,NSE_INDEX|Nifty50 TR 2x Lev
NIFTY25JUN23200PE,NSE_FO|62318
NIFTY25JUN23250CE,NSE_FO|62319
NIFTY25JUN23200CE,NSE_FO|62309
NIFTY25JUN23150PE,NSE_FO|62308
NIFTY25JUN23700PE,NSE_FO|62338
NIFTY25JUN23750CE,NSE_FO|62339
NIFTY25JUN23650PE,NSE_FO|62336
NIFTY25JUN23700CE,NSE_FO|62337
NIFTY25JUN23600PE,NSE_FO|62334
NIFTY25JUN23650CE,NSE_FO|62335
NIFTY25JUN23550PE,NSE_FO|62332
NIFTY25JUN23600CE,NSE_FO|62333
NIFTY25JUN23500PE,NSE_FO|62330
NIFTY25JUN23550CE,NSE_FO|62331
NIFTY25JUN23500CE,NSE_FO|62329
NIFTY25JUN23450CE,NSE_FO|62327
NIFTY25JUN23450PE,NSE_FO|62328
NIFTY25JUN23400CE,NSE_FO|62325
NIFTY25JUN23400PE,NSE_FO|62326
NIFTY25JUN23350CE,NSE_FO|62323
NIFTY25JUN23350PE,NSE_FO|62324
NIFTY100ESGSECLDR,NSE_INDEX|Nifty100ESGSecLdr
NIFTY25JUN23300CE,NSE_FO|62321
NIFTY25JUN23300PE,NSE_FO|62322
NIFTY25JUN23250PE,NSE_FO|62320
NIFTY25JUN24950PE,NSE_FO|62398
NIFTY25JUN25050CE,NSE_FO|62399
NIFTY25JUN24900PE,NSE_FO|62396
NIFTY25JUN24950CE,NSE_FO|62397
NIFTY25JUN24850PE,NSE_FO|62394
NIFTY25JUN24900CE,NSE_FO|62395
NIFTY25JUN24800PE,NSE_FO|62392
NIFTY25JUN24850CE,NSE_FO|62393
NIFTY25JUN24800CE,NSE_FO|62387
NIFTY25JUN24750CE,NSE_FO|62385
NIFTY25JUN24750PE,NSE_FO|62386
NIFTY25JUN24250CE,NSE_FO|62361
NIFTY25JUN24250PE,NSE_FO|62362
NIFTY25JUN24200PE,NSE_FO|62360
NIFTY25JUN24150PE,NSE_FO|62358
NIFTY25JUN24200CE,NSE_FO|62359
NIFTY25JUN24100PE,NSE_FO|62354
NIFTY25JUN24150CE,NSE_FO|62355
NIFTY25JUN24050PE,NSE_FO|62352
NIFTY25JUN24100CE,NSE_FO|62353
NIFTY25JUN23950PE,NSE_FO|62350
NIFTY25JUN24050CE,NSE_FO|62351
NIFTY25JUN23950CE,NSE_FO|62349
NIFTY25JUN23900CE,NSE_FO|62347
NIFTY25JUN23900PE,NSE_FO|62348
NIFTY25JUN23850CE,NSE_FO|62345
NIFTY25JUN23850PE,NSE_FO|62346
NIFTY25JUN23800CE,NSE_FO|62343
NIFTY25JUN23800PE,NSE_FO|62344
NIFTY25JUN23750PE,NSE_FO|62342
NIFTY25JUN24700CE,NSE_FO|62383
NIFTY25JUN24700PE,NSE_FO|62384
NIFTY25JUN24650CE,NSE_FO|62381
NIFTY25JUN24650PE,NSE_FO|62382
NIFTY25JUN24600PE,NSE_FO|62380
NIFTY25JUN24550PE,NSE_FO|62378
NIFTY25JUN24600CE,NSE_FO|62379
NIFTY25JUN24500PE,NSE_FO|62376
NIFTY25JUN24550CE,NSE_FO|62377
NIFTY25JUN24450PE,NSE_FO|62374
NIFTY25JUN24500CE,NSE_FO|62375
NIFTY25JUN24400PE,NSE_FO|62372
NIFTY25JUN24450CE,NSE_FO|62373
NIFTY25JUN24350PE,NSE_FO|62370
NIFTY25JUN24400CE,NSE_FO|62371
NIFTY25JUN24350CE,NSE_FO|62367
NIFTY25JUN24300PE,NSE_FO|62366
NIFTY25JUN24300CE,NSE_FO|62363
NIFTY28JUN29000CE,NSE_FO|86167
NIFTY28JUN29000PE,NSE_FO|86168
NIFTY25JUN22450PE,NSE_FO|62198
NIFTY25JUN22500CE,NSE_FO|62199
NIFTY25JUN22400PE,NSE_FO|62196
NIFTY25JUN22450CE,NSE_FO|62197
NIFTY25JUN22350PE,NSE_FO|62194
NIFTY25JUN22400CE,NSE_FO|62195
NIFTY25JUN22300PE,NSE_FO|62192
NIFTY25JUN22350CE,NSE_FO|62193
NIFTY25JUN22250PE,NSE_FO|62190
NIFTY25JUN22300CE,NSE_FO|62191
NIFTY25JUN22250CE,NSE_FO|62189
NIFTY25JUN22200CE,NSE_FO|62187
NIFTY25JUN22200PE,NSE_FO|62188
NIFTY28JUN24000PE,NSE_FO|86152
NIFTY28JUN25000CE,NSE_FO|86153
NIFTY28JUN23000PE,NSE_FO|86150
NIFTY28JUN24000CE,NSE_FO|86151
NIFTY28JUN23000CE,NSE_FO|86149
NIFTY28JUN21000CE,NSE_FO|86145
NIFTY28JUN21000PE,NSE_FO|86146
NIFTY28JUN22000CE,NSE_FO|86147
NIFTY28JUN22000PE,NSE_FO|86148
NIFTY28JUN27000CE,NSE_FO|86163
NIFTY28JUN27000PE,NSE_FO|86164
NIFTY28JUN28000CE,NSE_FO|86165
NIFTY28JUN28000PE,NSE_FO|86166
NIFTY28JUN25000PE,NSE_FO|86160
NIFTY28JUN26000CE,NSE_FO|86161
NIFTY28JUN26000PE,NSE_FO|86162
NIFTY50ADD,NSE_EQ|INF740KA1CL0
NIFTY25JUN22850CE,NSE_FO|62215
NIFTY25JUN22800PE,NSE_FO|62214
NIFTY25JUN22800CE,NSE_FO|62211
NIFTY25JUN22750PE,NSE_FO|62210
NIFTY25JUN22700PE,NSE_FO|62208
NIFTY25JUN22750CE,NSE_FO|62209
NIFTY25JUN22650PE,NSE_FO|62206
NIFTY25JUN22700CE,NSE_FO|62207
NIFTY25JUN22600PE,NSE_FO|62204
NIFTY25JUN22650CE,NSE_FO|62205
NIFTY25JUN22550PE,NSE_FO|62202
NIFTY25JUN22600CE,NSE_FO|62203
NIFTY25JUN22500PE,NSE_FO|62200
NIFTY25JUN22550CE,NSE_FO|62201
NIFTY25JUN23050PE,NSE_FO|62266
NIFTY25JUN23100CE,NSE_FO|62267
NIFTY25JUN22950PE,NSE_FO|62264
NIFTY25JUN23050CE,NSE_FO|62265
NIFTY25JUN23150CE,NSE_FO|62299
NIFTY25JUN23100PE,NSE_FO|62298
NIFTY25JUN22950CE,NSE_FO|62259
NIFTY25JUN22900CE,NSE_FO|62257
NIFTY25JUN22900PE,NSE_FO|62258
NIFTY25JUN22850PE,NSE_FO|62256
NIFTY MIDCAP 100,NSE_INDEX|NIFTY MIDCAP 100
NIFTY26MAR30000PE,NSE_FO|62955
NIFTY26MAR21000PE,NSE_FO|62919
NIFTY26MAR21000CE,NSE_FO|62918
NIFTY26MAR20000PE,NSE_FO|62917
NIFTY26MAR20000CE,NSE_FO|62916
NIFTY26MAR19000PE,NSE_FO|62915
NIFTY26MAR19000CE,NSE_FO|62914
NIFTY26MAR18000PE,NSE_FO|62913
NIFTY26MAR18000CE,NSE_FO|62912
NIFTY26MAR17000PE,NSE_FO|62911
NIFTY26MAR17000CE,NSE_FO|62910
NIFTY26MAR30000CE,NSE_FO|62937
NIFTY26MAR29000PE,NSE_FO|62936
NIFTY26MAR29000CE,NSE_FO|62935
NIFTY26MAR28000PE,NSE_FO|62933
NIFTY26MAR28000CE,NSE_FO|62932
NIFTY26MAR27000PE,NSE_FO|62931
NIFTY26MAR27000CE,NSE_FO|62930
NIFTY26MAR26000PE,NSE_FO|62929
NIFTY26MAR26000CE,NSE_FO|62928
NIFTY26MAR25000PE,NSE_FO|62927
NIFTY26MAR25000CE,NSE_FO|62926
NIFTY26MAR24000PE,NSE_FO|62925
NIFTY26MAR24000CE,NSE_FO|62924
NIFTY26MAR23000PE,NSE_FO|62923
NIFTY26MAR23000CE,NSE_FO|62922
NIFTY26MAR22000PE,NSE_FO|62921
NIFTY26MAR22000CE,NSE_FO|62920
NIFTY25AUG26600CE,NSE_FO|72316
NIFTY25AUG26600PE,NSE_FO|72317
NIFTY25AUG26550PE,NSE_FO|72312
NIFTY25AUG26550CE,NSE_FO|72311
NIFTY26DEC23000PE,NSE_FO|37810
NIFTY26DEC23000CE,NSE_FO|37806
NIFTY26JUN23000PE,NSE_FO|37805
NIFTY26JUN13000PE,NSE_FO|37802
NIFTY MIDCAP 150,NSE_INDEX|NIFTY MIDCAP 150
NIFTY25AUG26500PE,NSE_FO|72277
NIFTY26JUN23000CE,NSE_FO|37799
NIFTY25DEC13000PE,NSE_FO|37797
NIFTY25DEC23000PE,NSE_FO|37796
NIFTY25DEC23000CE,NSE_FO|37795
NIFTY25JUN23000PE,NSE_FO|37794
NIFTY25JUN23000CE,NSE_FO|37749
NIFTY25AUG26350PE,NSE_FO|72125
NIFTY25AUG26350CE,NSE_FO|72124
NIFTY25AUG26400CE,NSE_FO|72126
NIFTY25AUG26250PE,NSE_FO|72121
NIFTY25AUG26250CE,NSE_FO|72120
NIFTY25AUG26300PE,NSE_FO|72123
NIFTY25AUG26300CE,NSE_FO|72122
NIFTY25AUG25950PE,NSE_FO|72107
NIFTY25AUG25950CE,NSE_FO|72106
NIFTY25AUG26000PE,NSE_FO|72109
NIFTY25AUG26000CE,NSE_FO|72108
NIFTY25AUG25850PE,NSE_FO|72103
NIFTY25AUG25850CE,NSE_FO|72102
NIFTY25AUG25900PE,NSE_FO|72105
NIFTY25AUG25900CE,NSE_FO|72104
NIFTY25AUG25800PE,NSE_FO|72101
NIFTY25AUG25800CE,NSE_FO|72100
NIFTY25AUG26200CE,NSE_FO|72118
NIFTY25AUG26200PE,NSE_FO|72119
NIFTY25AUG26100PE,NSE_FO|72113
NIFTY25AUG26150PE,NSE_FO|72116
NIFTY25AUG26150CE,NSE_FO|72115
NIFTY25AUG26050CE,NSE_FO|72110
NIFTY25AUG26100CE,NSE_FO|72112
NIFTY25AUG26050PE,NSE_FO|72111
NIFTY MULTI MQ 50,NSE_INDEX|Nifty Multi MQ 50
NIFTY25AUG26500CE,NSE_FO|72164
NIFTY25AUG26450PE,NSE_FO|72158
NIFTY25AUG26450CE,NSE_FO|72156
NIFTY25AUG26400PE,NSE_FO|72155
NIFTY 100,NSE_INDEX|Nifty 100
NIFTY100 LOWVOL30,NSE_INDEX|NIFTY100 LowVol30
NIFTY AQL 30,NSE_INDEX|Nifty AQL 30
NIFTY25AUG25500PE,NSE_FO|72088
NIFTY25AUG25500CE,NSE_FO|72087
NIFTY25AUG25650PE,NSE_FO|72095
NIFTY25AUG25650CE,NSE_FO|72094
NIFTY25AUG25700PE,NSE_FO|72097
NIFTY25AUG25700CE,NSE_FO|72096
NIFTY25AUG25550PE,NSE_FO|72091
NIFTY25AUG25550CE,NSE_FO|72090
NIFTY25AUG25600PE,NSE_FO|72093
NIFTY25AUG25600CE,NSE_FO|72092
NIFTY25AUG25750PE,NSE_FO|72099
NIFTY25AUG25750CE,NSE_FO|72098
NIFTY25AUG25400PE,NSE_FO|72075
NIFTY25AUG25400CE,NSE_FO|72074
NIFTY25AUG25450CE,NSE_FO|72084
NIFTY25AUG25450PE,NSE_FO|72085
NIFTY25AUG25350PE,NSE_FO|72043
NIFTY25AUG25250PE,NSE_FO|72037
NIFTY25AUG25250CE,NSE_FO|72036
NIFTY25AUG25300PE,NSE_FO|72039
NIFTY25AUG25300CE,NSE_FO|72038
NIFTY25AUG25200PE,NSE_FO|72035
NIFTY25AUG25350CE,NSE_FO|72040
NIFTY 200,NSE_INDEX|Nifty 200
NIFTY2570325850PE,NSE_FO|57126
NIFTY2570325850CE,NSE_FO|57125
NIFTY2570325750CE,NSE_FO|57009
NIFTY2570325700PE,NSE_FO|57008
NIFTY2570325800CE,NSE_FO|57022
NIFTY2570325750PE,NSE_FO|57019
NIFTY MID LIQ 15,NSE_INDEX|Nifty Mid Liq 15
NIFTY2570325800PE,NSE_FO|57089
NIFTY500 LOWVOL50,NSE_INDEX|Nifty500 LowVol50
NIFTY HIGHBETA 50,NSE_INDEX|Nifty HighBeta 50
NIFTY 500,NSE_INDEX|Nifty 500
NIFTY2570326050CE,NSE_FO|57544
NIFTY2570326000PE,NSE_FO|57536
NIFTY200 ALPHA 30,NSE_INDEX|Nifty200 Alpha 30
NIFTY FINSRV25 50,NSE_INDEX|Nifty FinSrv25 50
NIFTY2570326000CE,NSE_FO|57484
NIFTY PVT BANK,NSE_INDEX|Nifty Pvt Bank
NIFTY2570325950PE,NSE_FO|57342
NIFTY MULTI INFRA,NSE_INDEX|Nifty Multi Infra
NIFTY GS 15YRPLUS,NSE_INDEX|Nifty GS 15YrPlus
NIFTY2570325900PE,NSE_FO|57247
NIFTY2570325900CE,NSE_FO|57246
NIFTY2570325950CE,NSE_FO|57269
NIFTY CONSR DURBL,NSE_INDEX|NIFTY CONSR DURBL
NIFTY FINSEREXBNK,NSE_INDEX|Nifty FinSerExBnk
NIFTY25JUN14000PE,NSE_FO|43386
NIFTY28DEC21000CE,NSE_FO|67776
NIFTY28DEC20000PE,NSE_FO|67775
NIFTY28DEC22000CE,NSE_FO|67778
NIFTY28DEC21000PE,NSE_FO|67777
NIFTY28DEC22000PE,NSE_FO|67779
NIFTY28DEC23000PE,NSE_FO|67781
NIFTY28DEC23000CE,NSE_FO|67780
NIFTY28DEC24000PE,NSE_FO|67783
NIFTY28DEC24000CE,NSE_FO|67782
NIFTY28DEC25000PE,NSE_FO|67785
NIFTY28DEC25000CE,NSE_FO|67784
NIFTY28DEC26000PE,NSE_FO|67787
NIFTY28DEC26000CE,NSE_FO|67786
NIFTY28DEC27000PE,NSE_FO|67789
NIFTY28DEC27000CE,NSE_FO|67788
NIFTY28DEC28000CE,NSE_FO|67790
NIFTY28DEC29000CE,NSE_FO|67792
NIFTY28DEC28000PE,NSE_FO|67791
NIFTY28DEC30000CE,NSE_FO|67794
NIFTY28DEC29000PE,NSE_FO|67793
NIFTY28DEC30000PE,NSE_FO|67795
NIFTY28DEC17000PE,NSE_FO|67769
NIFTY28DEC17000CE,NSE_FO|67768
NIFTY28DEC18000CE,NSE_FO|67770
NIFTY28DEC19000CE,NSE_FO|67772
NIFTY28DEC18000PE,NSE_FO|67771
NIFTY28DEC20000CE,NSE_FO|67774
NIFTY28DEC19000PE,NSE_FO|67773
NIFTY25JULFUT,NSE_FO|53216
NIFTYNXT5025JULFUT,NSE_FO|53217
NIFTY NEW CONSUMP,NSE_INDEX|Nifty New Consump
NIFTY IND DEFENCE,NSE_INDEX|Nifty Ind Defence
NIFTY100 LIQ 15,NSE_INDEX|Nifty100 Liq 15
NIFTY SERV SECTOR,NSE_INDEX|Nifty Serv Sector
NIFTY100 ALPHA 30,NSE_INDEX|Nifty100 Alpha 30
NIFTY TOP 20 EW,NSE_INDEX|Nifty Top 20 EW
NIFTY27DEC17000CE,NSE_FO|53599
NIFTY27DEC18000CE,NSE_FO|53603
NIFTY27DEC17000PE,NSE_FO|53602
NIFTY27DEC19000CE,NSE_FO|53605
NIFTY27DEC18000PE,NSE_FO|53604
NIFTY27DEC20000CE,NSE_FO|53607
NIFTY27DEC19000PE,NSE_FO|53606
NIFTY27DEC24000PE,NSE_FO|53625
NIFTY27DEC24000CE,NSE_FO|53624
NIFTY27DEC25000PE,NSE_FO|53627
NIFTY27DEC25000CE,NSE_FO|53626
NIFTY27DEC26000CE,NSE_FO|53628
NIFTY27DEC20000PE,NSE_FO|53611
NIFTY27DEC21000CE,NSE_FO|53613
NIFTY27DEC22000CE,NSE_FO|53616
NIFTY27DEC21000PE,NSE_FO|53615
NIFTY27DEC23000CE,NSE_FO|53618
NIFTY27DEC22000PE,NSE_FO|53617
NIFTY27DEC23000PE,NSE_FO|53619
NIFTY27DEC26000PE,NSE_FO|53630
NIFTY27DEC27000PE,NSE_FO|53632
NIFTY27DEC27000CE,NSE_FO|53631
NIFTY27DEC28000CE,NSE_FO|53633
NIFTY27DEC28000PE,NSE_FO|53635
NIFTY27DEC15000PE,NSE_FO|53595
NIFTY500 VALUE 50,NSE_INDEX|Nifty500 Value 50
NIFTY LOW VOL 50,NSE_INDEX|Nifty Low Vol 50
NIFTY GS 8 13YR,NSE_INDEX|Nifty GS 8 13Yr
NIFTY OIL AND GAS,NSE_INDEX|NIFTY OIL AND GAS
NIFTYNXT5025JUN54000PE,NSE_FO|63397
NIFTY GS 10YR,NSE_INDEX|Nifty GS 10Yr
NIFTYNXT5025JUN54600PE,NSE_FO|63409
NIFTYNXT5025JUN54600CE,NSE_FO|63408
NIFTYNXT5025JUN54500PE,NSE_FO|63407
NIFTYNXT5025JUN54500CE,NSE_FO|63406
NIFTYNXT5025JUN54400PE,NSE_FO|63405
NIFTYNXT5025JUN54400CE,NSE_FO|63404
NIFTYNXT5025JUN54300PE,NSE_FO|63403
NIFTYNXT5025JUN54300CE,NSE_FO|63402
NIFTYNXT5025JUN54200PE,NSE_FO|63401
NIFTYNXT5025JUN54200CE,NSE_FO|63400
NIFTYNXT5025JUN55300PE,NSE_FO|63429
NIFTYNXT5025JUN55300CE,NSE_FO|63428
NIFTYNXT5025JUN55200PE,NSE_FO|63427
NIFTYNXT5025JUN55200CE,NSE_FO|63426
NIFTYNXT5025JUN55100PE,NSE_FO|63423
NIFTYNXT5025JUN55100CE,NSE_FO|63422
NIFTYNXT5025JUN55000PE,NSE_FO|63417
NIFTYNXT5025JUN55000CE,NSE_FO|63416
NIFTYNXT5025JUN54900PE,NSE_FO|63415
NIFTYNXT5025JUN54900CE,NSE_FO|63414
NIFTYNXT5025JUN54800PE,NSE_FO|63413
NIFTYNXT5025JUN54800CE,NSE_FO|63412
NIFTYNXT5025JUN54700PE,NSE_FO|63411
NIFTYNXT5025JUN54700CE,NSE_FO|63410
NIFTYETF,NSE_EQ|INF769K01EG9
NIFTYNXT5025JUN55800CE,NSE_FO|63495
NIFTYNXT5025JUN55700PE,NSE_FO|63484
NIFTYNXT5025JUN55700CE,NSE_FO|63483
NIFTYNXT5025JUN55600PE,NSE_FO|63476
NIFTYNXT5025JUN55600CE,NSE_FO|63475
NIFTYNXT5025JUN55800PE,NSE_FO|63496
NIFTYNXT5025JUN55500CE,NSE_FO|63448
NIFTYNXT5025JUN55400PE,NSE_FO|63447
NIFTYNXT5025JUN55400CE,NSE_FO|63430
NIFTYNXT5025JUN55500PE,NSE_FO|63472
NIFTY TOP 10 EW,NSE_INDEX|Nifty Top 10 EW
NIFTYNXT5025JUN53000CE,NSE_FO|63374
NIFTYNXT5025JUN54000CE,NSE_FO|63396
NIFTYNXT5025JUN53500PE,NSE_FO|63387
NIFTYNXT5025JUN53500CE,NSE_FO|63386
NIFTYNXT5025JUN53000PE,NSE_FO|63375
NIFTY25JUN20000CE,NSE_FO|38373
NIFTY26JUN20000CE,NSE_FO|38378
NIFTY25DEC20000PE,NSE_FO|38377
NIFTY25DEC20000CE,NSE_FO|38376
NIFTY25JUN20000PE,NSE_FO|38375
NIFTY26JUN20000PE,NSE_FO|38380
NIFTYNXT5025JUN52500PE,NSE_FO|63352
NIFTY CAPITAL MKT,NSE_INDEX|Nifty Capital Mkt
NIFTYQLITY,NSE_EQ|INF209KB15K4
NIFTYNXT5025JUN52000PE,NSE_FO|63251
NIFTYNXT5025JUN52000CE,NSE_FO|63250
NIFTYNXT5025JUN51500PE,NSE_FO|63241
NIFTYNXT5025JUN51500CE,NSE_FO|63240
NIFTYNXT5025JUN51000PE,NSE_FO|63233
NIFTYNXT5025JUN52500CE,NSE_FO|63260
NIFTY QLTY LV 30,NSE_INDEX|Nifty Qlty LV 30
NIFTYNXT5025JUN51000CE,NSE_FO|63230
NIFTYNXT5025JUN50500PE,NSE_FO|63229
NIFTYNXT5025JUN50500CE,NSE_FO|63228
NIFTYNXT5025JUN50000PE,NSE_FO|63227
NIFTYNXT5025JUN50000CE,NSE_FO|63226
NIFTYNXT5025JUN49500PE,NSE_FO|63217
NIFTYNXT5025JUN49500CE,NSE_FO|63216
NIFTY26JUN29000CE,NSE_FO|38154
NIFTY25DEC29000PE,NSE_FO|38153
NIFTY25DEC29000CE,NSE_FO|38152
NIFTY25JUN29000PE,NSE_FO|38151
NIFTY25JUN29000CE,NSE_FO|38150
NIFTY26DEC29000PE,NSE_FO|38159
NIFTY26DEC29000CE,NSE_FO|38158
NIFTY26JUN29000PE,NSE_FO|38157
NIFTY27DEC29000PE,NSE_FO|38165
NIFTY27DEC29000CE,NSE_FO|38164
NIFTY27JUN29000PE,NSE_FO|38163
NIFTY27JUN29000CE,NSE_FO|38160
NIFTYNXT5025JUN62600CE,NSE_FO|63806
NIFTYNXT5025JUN62500PE,NSE_FO|63805
NIFTYNXT5025JUN63200PE,NSE_FO|63829
NIFTYNXT5025JUN63200CE,NSE_FO|63828
NIFTYNXT5025JUN63100PE,NSE_FO|63827
NIFTYNXT5025JUN63100CE,NSE_FO|63826
NIFTYNXT5025JUN63000PE,NSE_FO|63825
NIFTYNXT5025JUN63000CE,NSE_FO|63824
NIFTYNXT5025JUN62900PE,NSE_FO|63823
NIFTYNXT5025JUN62900CE,NSE_FO|63822
NIFTYNXT5025JUN62800PE,NSE_FO|63821
NIFTYNXT5025JUN62800CE,NSE_FO|63820
NIFTYNXT5025JUN62700PE,NSE_FO|63819
NIFTYNXT5025JUN62700CE,NSE_FO|63813
NIFTYNXT5025JUN62600PE,NSE_FO|63812
NIFTYNXT5025JUN66300PE,NSE_FO|63891
NIFTYNXT5025JUN66300CE,NSE_FO|63890
NIFTYNXT5025JUN66200PE,NSE_FO|63889
NIFTYNXT5025JUN66200CE,NSE_FO|63888
NIFTYNXT5025JUN66100PE,NSE_FO|63887
NIFTYNXT5025JUN66100CE,NSE_FO|63886
NIFTYNXT5025JUN66000PE,NSE_FO|63885
NIFTYNXT5025JUN66000CE,NSE_FO|63884
NIFTYNXT5025JUN65900PE,NSE_FO|63883
NIFTYNXT5025JUN65900CE,NSE_FO|63882
NIFTYNXT5025JUN65800PE,NSE_FO|63881
NIFTYNXT5025JUN65800CE,NSE_FO|63880
NIFTYNXT5025JUN65700PE,NSE_FO|63879
NIFTYNXT5025JUN65700CE,NSE_FO|63878
NIFTYNXT5025JUN65600PE,NSE_FO|63877
NIFTYNXT5025JUN65600CE,NSE_FO|63876
NIFTYNXT5025JUN65500PE,NSE_FO|63875
NIFTYNXT5025JUN65500CE,NSE_FO|63874
NIFTYNXT5025JUN65400PE,NSE_FO|63873
NIFTYNXT5025JUN65400CE,NSE_FO|63872
NIFTYNXT5025JUN65300PE,NSE_FO|63871
NIFTYNXT5025JUN65300CE,NSE_FO|63870
NIFTYNXT5025JUN66700PE,NSE_FO|63899
NIFTYNXT5025JUN66700CE,NSE_FO|63898
NIFTYNXT5025JUN66600PE,NSE_FO|63897
NIFTYNXT5025JUN66600CE,NSE_FO|63896
NIFTYNXT5025JUN66500PE,NSE_FO|63895
NIFTYNXT5025JUN66500CE,NSE_FO|63894
NIFTYNXT5025JUN66400PE,NSE_FO|63893
NIFTYNXT5025JUN66400CE,NSE_FO|63892
NIFTYNXT5025JUN64200PE,NSE_FO|63849
NIFTYNXT5025JUN64200CE,NSE_FO|63848
NIFTYNXT5025JUN64100PE,NSE_FO|63847
NIFTYNXT5025JUN64100CE,NSE_FO|63846
NIFTYNXT5025JUN64000PE,NSE_FO|63845
NIFTYNXT5025JUN64000CE,NSE_FO|63844
NIFTYNXT5025JUN63900PE,NSE_FO|63843
NIFTYNXT5025JUN63900CE,NSE_FO|63842
NIFTYNXT5025JUN63800PE,NSE_FO|63841
NIFTYNXT5025JUN63800CE,NSE_FO|63840
NIFTYNXT5025JUN63700PE,NSE_FO|63839
NIFTYNXT5025JUN63700CE,NSE_FO|63838
NIFTYNXT5025JUN63600PE,NSE_FO|63837
NIFTYNXT5025JUN63600CE,NSE_FO|63836
NIFTYNXT5025JUN63500PE,NSE_FO|63835
NIFTYNXT5025JUN63500CE,NSE_FO|63834
NIFTYNXT5025JUN63400PE,NSE_FO|63833
NIFTYNXT5025JUN63400CE,NSE_FO|63832
NIFTYNXT5025JUN63300PE,NSE_FO|63831
NIFTYNXT5025JUN63300CE,NSE_FO|63830
NIFTYNXT5025JUN65200PE,NSE_FO|63869
NIFTYNXT5025JUN65200CE,NSE_FO|63868
NIFTYNXT5025JUN65100PE,NSE_FO|63867
NIFTYNXT5025JUN65100CE,NSE_FO|63866
NIFTYNXT5025JUN65000PE,NSE_FO|63865
NIFTYNXT5025JUN65000CE,NSE_FO|63864
NIFTYNXT5025JUN64900PE,NSE_FO|63863
NIFTYNXT5025JUN64900CE,NSE_FO|63862
NIFTYNXT5025JUN64800PE,NSE_FO|63861
NIFTYNXT5025JUN64800CE,NSE_FO|63860
NIFTYNXT5025JUN64700PE,NSE_FO|63859
NIFTYNXT5025JUN64700CE,NSE_FO|63858
NIFTYNXT5025JUN64600PE,NSE_FO|63857
NIFTYNXT5025JUN64600CE,NSE_FO|63856
NIFTYNXT5025JUN64500PE,NSE_FO|63855
NIFTYNXT5025JUN64500CE,NSE_FO|63854
NIFTYNXT5025JUN64400PE,NSE_FO|63853
NIFTYNXT5025JUN64400CE,NSE_FO|63852
NIFTYNXT5025JUN64300PE,NSE_FO|63851
NIFTYNXT5025JUN64300CE,NSE_FO|63850
NIFTY TATA 25 CAP,NSE_INDEX|Nifty Tata 25 Cap
NIFTYNXT5025JUN61400PE,NSE_FO|63708
NIFTYNXT5025JUN61400CE,NSE_FO|63707
NIFTYNXT5025JUN61300PE,NSE_FO|63706
NIFTYNXT5025JUN61300CE,NSE_FO|63705
NIFTYNXT5025JUN62100CE,NSE_FO|63756
NIFTYNXT5025JUN62200PE,NSE_FO|63788
NIFTYNXT5025JUN62200CE,NSE_FO|63780
NIFTYNXT5025JUN62100PE,NSE_FO|63779
NIFTYNXT5025JUN61900CE,NSE_FO|63726
NIFTYNXT5025JUN61800PE,NSE_FO|63722
NIFTYNXT5025JUN61800CE,NSE_FO|63721
NIFTYNXT5025JUN61700PE,NSE_FO|63720
NIFTYNXT5025JUN61700CE,NSE_FO|63719
NIFTYNXT5025JUN61600PE,NSE_FO|63718
NIFTYNXT5025JUN61600CE,NSE_FO|63713
NIFTYNXT5025JUN61500PE,NSE_FO|63712
NIFTYNXT5025JUN61500CE,NSE_FO|63711
NIFTYNXT5025JUN62000PE,NSE_FO|63746
NIFTYNXT5025JUN62000CE,NSE_FO|63742
NIFTYNXT5025JUN61900PE,NSE_FO|63741
NIFTYNXT5025JUN62500CE,NSE_FO|63798
NIFTYNXT5025JUN62400PE,NSE_FO|63797
NIFTYNXT5025JUN62400CE,NSE_FO|63796
NIFTYNXT5025JUN62300PE,NSE_FO|63795
NIFTYNXT5025JUN62300CE,NSE_FO|63794
NIFTYNXT5025JUN60100PE,NSE_FO|63647
NIFTYNXT5025JUN60100CE,NSE_FO|63646
NIFTYNXT5025JUN60000PE,NSE_FO|63645
NIFTYNXT5025JUN60000CE,NSE_FO|63644
NIFTYNXT5025JUN59900PE,NSE_FO|63639
NIFTYNXT5025JUN59900CE,NSE_FO|63638
NIFTYNXT5025JUN59800PE,NSE_FO|63635
NIFTYNXT5025JUN59800CE,NSE_FO|63634
NIFTYNXT5025JUN59700PE,NSE_FO|63633
NIFTYNXT5025JUN59700CE,NSE_FO|63632
NIFTYNXT5025JUN59600PE,NSE_FO|63631
NIFTYNXT5025JUN59600CE,NSE_FO|63630
NIFTYNXT5025JUN60900PE,NSE_FO|63666
NIFTYNXT5025JUN60900CE,NSE_FO|63665
NIFTYNXT5025JUN60800PE,NSE_FO|63663
NIFTYNXT5025JUN60800CE,NSE_FO|63662
NIFTYNXT5025JUN60700PE,NSE_FO|63661
NIFTYNXT5025JUN60700CE,NSE_FO|63660
NIFTYNXT5025JUN60600PE,NSE_FO|63659
NIFTYNXT5025JUN60600CE,NSE_FO|63658
NIFTYNXT5025JUN60500PE,NSE_FO|63657
NIFTYNXT5025JUN60500CE,NSE_FO|63656
NIFTYNXT5025JUN60400PE,NSE_FO|63655
NIFTYNXT5025JUN60400CE,NSE_FO|63654
NIFTYNXT5025JUN60300PE,NSE_FO|63653
NIFTYNXT5025JUN60300CE,NSE_FO|63652
NIFTYNXT5025JUN60200PE,NSE_FO|63651
NIFTYNXT5025JUN60200CE,NSE_FO|63650
NIFTYNXT5025JUN59000PE,NSE_FO|63607
NIFTYNXT5025JUN59000CE,NSE_FO|63606
NIFTYNXT5025JUN58900PE,NSE_FO|63603
NIFTYNXT5025JUN58900CE,NSE_FO|63602
NIFTYNXT5025JUN58800PE,NSE_FO|63601
NIFTYNXT5025JUN58800CE,NSE_FO|63600
NIFTYNXT5025JUN59500PE,NSE_FO|63629
NIFTYNXT5025JUN59500CE,NSE_FO|63628
NIFTYNXT5025JUN59400PE,NSE_FO|63627
NIFTYNXT5025JUN59400CE,NSE_FO|63626
NIFTYNXT5025JUN59300PE,NSE_FO|63625
NIFTYNXT5025JUN59300CE,NSE_FO|63624
NIFTYNXT5025JUN59200PE,NSE_FO|63615
NIFTYNXT5025JUN59200CE,NSE_FO|63614
NIFTYNXT5025JUN59100PE,NSE_FO|63613
NIFTYNXT5025JUN59100CE,NSE_FO|63612
NIFTYNXT5025JUN61000PE,NSE_FO|63678
NIFTYNXT5025JUN61000CE,NSE_FO|63677
NIFTYNXT5025JUN61200PE,NSE_FO|63698
NIFTYNXT5025JUN61200CE,NSE_FO|63697
NIFTYNXT5025JUN61100PE,NSE_FO|63696
NIFTYNXT5025JUN61100CE,NSE_FO|63695
NIFTYNXT5025JUN56500CE,NSE_FO|63549
NIFTYNXT5025JUN56400PE,NSE_FO|63548
NIFTYNXT5025JUN56400CE,NSE_FO|63546
NIFTYNXT5025JUN56300PE,NSE_FO|63545
NIFTYNXT5025JUN56300CE,NSE_FO|63544
NIFTYNXT5025JUN56200PE,NSE_FO|63543
NIFTYNXT5025JUN56200CE,NSE_FO|63542
NIFTYNXT5025JUN56100PE,NSE_FO|63541
NIFTYNXT5025JUN56100CE,NSE_FO|63540
NIFTYNXT5025JUN56000PE,NSE_FO|63539
NIFTYNXT5025JUN56000CE,NSE_FO|63538
NIFTYNXT5025JUN55900PE,NSE_FO|63537
NIFTYNXT5025JUN55900CE,NSE_FO|63536
NIFTYNXT5025JUN58700PE,NSE_FO|63599
NIFTYNXT5025JUN58700CE,NSE_FO|63598
NIFTYNXT5025JUN58600PE,NSE_FO|63597
NIFTYNXT5025JUN58600CE,NSE_FO|63596
NIFTYNXT5025JUN57500PE,NSE_FO|63572
NIFTYNXT5025JUN57500CE,NSE_FO|63571
NIFTYNXT5025JUN57400PE,NSE_FO|63570
NIFTYNXT5025JUN57400CE,NSE_FO|63569
NIFTYNXT5025JUN57300PE,NSE_FO|63568
NIFTYNXT5025JUN57300CE,NSE_FO|63567
NIFTYNXT5025JUN57200PE,NSE_FO|63566
NIFTYNXT5025JUN57200CE,NSE_FO|63565
NIFTYNXT5025JUN57100PE,NSE_FO|63564
NIFTYNXT5025JUN57100CE,NSE_FO|63563
NIFTYNXT5025JUN57000PE,NSE_FO|63562
NIFTYNXT5025JUN57000CE,NSE_FO|63561
NIFTYNXT5025JUN56900PE,NSE_FO|63560
NIFTYNXT5025JUN56900CE,NSE_FO|63559
NIFTYNXT5025JUN56800PE,NSE_FO|63558
NIFTYNXT5025JUN56800CE,NSE_FO|63557
NIFTYNXT5025JUN56700PE,NSE_FO|63556
NIFTYNXT5025JUN56700CE,NSE_FO|63555
NIFTYNXT5025JUN56600PE,NSE_FO|63554
NIFTYNXT5025JUN56600CE,NSE_FO|63553
NIFTYNXT5025JUN56500PE,NSE_FO|63552
NIFTYNXT5025JUN58500PE,NSE_FO|63594
NIFTYNXT5025JUN58500CE,NSE_FO|63593
NIFTYNXT5025JUN58400PE,NSE_FO|63592
NIFTYNXT5025JUN58400CE,NSE_FO|63591
NIFTYNXT5025JUN58300PE,NSE_FO|63590
NIFTYNXT5025JUN58300CE,NSE_FO|63589
NIFTYNXT5025JUN58200PE,NSE_FO|63587
NIFTYNXT5025JUN58200CE,NSE_FO|63586
NIFTYNXT5025JUN58100PE,NSE_FO|63584
NIFTYNXT5025JUN58100CE,NSE_FO|63583
NIFTYNXT5025JUN58000PE,NSE_FO|63582
NIFTYNXT5025JUN58000CE,NSE_FO|63581
NIFTYNXT5025JUN57900PE,NSE_FO|63580
NIFTYNXT5025JUN57900CE,NSE_FO|63579
NIFTYNXT5025JUN57800PE,NSE_FO|63578
NIFTYNXT5025JUN57800CE,NSE_FO|63577
NIFTYNXT5025JUN57700PE,NSE_FO|63576
NIFTYNXT5025JUN57700CE,NSE_FO|63575
NIFTYNXT5025JUN57600PE,NSE_FO|63574
NIFTYNXT5025JUN57600CE,NSE_FO|63573
NIFTY SMLCAP 100,NSE_INDEX|NIFTY SMLCAP 100
NIFTYNXT5025AUG63000PE,NSE_FO|73613
NIFTYNXT5025AUG62900CE,NSE_FO|73610
NIFTYNXT5025AUG63000CE,NSE_FO|73612
NIFTYNXT5025AUG62900PE,NSE_FO|73611
NIFTYNXT5025AUG63300PE,NSE_FO|73629
NIFTYNXT5025AUG63300CE,NSE_FO|73628
NIFTYNXT5025AUG63100PE,NSE_FO|73625
NIFTYNXT5025AUG63200PE,NSE_FO|73627
NIFTYNXT5025AUG63200CE,NSE_FO|73626
NIFTYNXT5025AUG63100CE,NSE_FO|73620
NIFTYNXT5025AUG62800PE,NSE_FO|73609
NIFTYNXT5025AUG62800CE,NSE_FO|73608
NIFTYNXT5025AUG64300PE,NSE_FO|73698
NIFTYNXT5025AUG64400CE,NSE_FO|73699
NIFTYNXT5025AUG64300CE,NSE_FO|73693
NIFTYNXT5025AUG64100CE,NSE_FO|73679
NIFTYNXT5025AUG63900PE,NSE_FO|73676
NIFTYNXT5025AUG63900CE,NSE_FO|73675
NIFTYNXT5025AUG64000PE,NSE_FO|73678
NIFTYNXT5025AUG64000CE,NSE_FO|73677
NIFTYNXT5025AUG63800CE,NSE_FO|73672
NIFTYNXT5025AUG63700PE,NSE_FO|73671
NIFTYNXT5025AUG63800PE,NSE_FO|73674
NIFTYNXT5025AUG64200CE,NSE_FO|73687
NIFTYNXT5025AUG64100PE,NSE_FO|73686
NIFTYNXT5025AUG64200PE,NSE_FO|73692
NIFTYNXT5025AUG63600CE,NSE_FO|73657
NIFTYNXT5025AUG63500CE,NSE_FO|73650
NIFTYNXT5025AUG63500PE,NSE_FO|73651
NIFTYNXT5025AUG63600PE,NSE_FO|73669
NIFTYNXT5025AUG63700CE,NSE_FO|73670
NIFTYNXT5025AUG63400CE,NSE_FO|73632
NIFTYNXT5025AUG63400PE,NSE_FO|73633
NIFTY2570326100CE,NSE_FO|58034
NIFTY2570326050PE,NSE_FO|58033
NIFTYNXT5025AUG59500PE,NSE_FO|73507
NIFTYNXT5025AUG59500CE,NSE_FO|73506
NIFTYNXT5025AUG62500PE,NSE_FO|73577
NIFTYNXT5025AUG62500CE,NSE_FO|73576
NIFTYNXT5025AUG61500PE,NSE_FO|73555
NIFTYNXT5025AUG61500CE,NSE_FO|73554
NIFTYNXT5025AUG62000PE,NSE_FO|73565
NIFTYNXT5025AUG62000CE,NSE_FO|73564
NIFTYNXT5025AUG61000CE,NSE_FO|73544
NIFTYNXT5025AUG61000PE,NSE_FO|73545
NIFTYNXT5025AUG60000PE,NSE_FO|73517
NIFTYNXT5025AUG60000CE,NSE_FO|73516
NIFTYNXT5025AUG60500PE,NSE_FO|73529
NIFTYNXT5025AUG60500CE,NSE_FO|73528
NIFTYNXT5025AUG58000CE,NSE_FO|73472
NIFTYNXT5025AUG57500PE,NSE_FO|73437
NIFTYNXT5025AUG57500CE,NSE_FO|73436
NIFTYNXT5025AUG57000CE,NSE_FO|73412
NIFTYNXT5025AUG57000PE,NSE_FO|73413
NIFTYNXT5025AUG59000PE,NSE_FO|73495
NIFTYNXT5025AUG58000PE,NSE_FO|73473
NIFTYNXT5025AUG58500PE,NSE_FO|73485
NIFTYNXT5025AUG58500CE,NSE_FO|73484
NIFTYNXT5025AUG59000CE,NSE_FO|73494
NIFTY SMLCAP 250,NSE_INDEX|NIFTY SMLCAP 250
NIFTYNXT5025JUN67300CE,NSE_FO|63924
NIFTYNXT5025JUN67200PE,NSE_FO|63923
NIFTYNXT5025JUN67200CE,NSE_FO|63921
NIFTYNXT5025JUN67100PE,NSE_FO|63909
NIFTYNXT5025JUN67100CE,NSE_FO|63908
NIFTYNXT5025JUN67000PE,NSE_FO|63907
NIFTYNXT5025JUN67000CE,NSE_FO|63906
NIFTYNXT5025JUN66900PE,NSE_FO|63903
NIFTYNXT5025JUN66900CE,NSE_FO|63902
NIFTYNXT5025JUN66800PE,NSE_FO|63901
NIFTYNXT5025JUN66800CE,NSE_FO|63900
NIFTYNXT5025AUG70000CE,NSE_FO|73955
NIFTYNXT5025AUG69900PE,NSE_FO|73954
NIFTYNXT5025AUG69800CE,NSE_FO|73951
NIFTYNXT5025AUG69700PE,NSE_FO|73950
NIFTYNXT5025AUG69900CE,NSE_FO|73953
NIFTYNXT5025AUG69800PE,NSE_FO|73952
NIFTYNXT5025AUG70100PE,NSE_FO|73966
NIFTYNXT5025AUG70200CE,NSE_FO|73967
NIFTYNXT5025AUG70000PE,NSE_FO|73962
NIFTYNXT5025AUG70100CE,NSE_FO|73963
NIFTYNXT5025AUG69100CE,NSE_FO|73937
NIFTYNXT5025AUG69000PE,NSE_FO|73936
NIFTYNXT5025AUG69200CE,NSE_FO|73939
NIFTYNXT5025AUG69100PE,NSE_FO|73938
NIFTYNXT5025AUG68900CE,NSE_FO|73933
NIFTYNXT5025AUG68800PE,NSE_FO|73932
NIFTYNXT5025AUG69000CE,NSE_FO|73935
NIFTYNXT5025AUG68900PE,NSE_FO|73934
NIFTYNXT5025AUG68800CE,NSE_FO|73931
NIFTYNXT5025AUG69600PE,NSE_FO|73948
NIFTYNXT5025AUG69600CE,NSE_FO|73947
NIFTYNXT5025AUG69700CE,NSE_FO|73949
NIFTYNXT5025AUG69400PE,NSE_FO|73944
NIFTYNXT5025AUG69400CE,NSE_FO|73943
NIFTYNXT5025AUG69500PE,NSE_FO|73946
NIFTYNXT5025AUG69500CE,NSE_FO|73945
NIFTYNXT5025AUG69200PE,NSE_FO|73940
NIFTYNXT5025AUG69300PE,NSE_FO|73942
NIFTYNXT5025AUG69300CE,NSE_FO|73941
NIFTYNXT5025AUG68400PE,NSE_FO|73915
NIFTYNXT5025AUG68400CE,NSE_FO|73914
NIFTYNXT5025AUG68500PE,NSE_FO|73917
NIFTYNXT5025AUG68500CE,NSE_FO|73916
NIFTYNXT5025AUG68600PE,NSE_FO|73925
NIFTYNXT5025AUG68700CE,NSE_FO|73928
NIFTYNXT5025AUG68600CE,NSE_FO|73921
NIFTYNXT5025AUG68700PE,NSE_FO|73929
NIFTY FMCG,NSE_INDEX|Nifty FMCG
NIFTYNXT5025AUG67400CE,NSE_FO|73859
NIFTYNXT5025AUG67300CE,NSE_FO|73856
NIFTYNXT5025AUG67300PE,NSE_FO|73857
NIFTYNXT5025AUG67200PE,NSE_FO|73853
NIFTYNXT5025AUG67200CE,NSE_FO|73850
NIFTYNXT5025AUG67600CE,NSE_FO|73867
NIFTYNXT5025AUG67500PE,NSE_FO|73866
NIFTYNXT5025AUG67600PE,NSE_FO|73868
NIFTYNXT5025AUG67500CE,NSE_FO|73865
NIFTYNXT5025AUG67400PE,NSE_FO|73860
NIFTYNXT5025AUG66600PE,NSE_FO|73838
NIFTYNXT5025AUG66600CE,NSE_FO|73837
NIFTYNXT5025AUG66700CE,NSE_FO|73839
NIFTYNXT5025AUG66400PE,NSE_FO|73834
NIFTYNXT5025AUG66500PE,NSE_FO|73836
NIFTYNXT5025AUG66500CE,NSE_FO|73835
NIFTYNXT5025AUG66300CE,NSE_FO|73830
NIFTYNXT5025AUG66400CE,NSE_FO|73832
NIFTYNXT5025AUG66300PE,NSE_FO|73831
NIFTYNXT5025AUG67100PE,NSE_FO|73848
NIFTYNXT5025AUG67000CE,NSE_FO|73845
NIFTYNXT5025AUG66900PE,NSE_FO|73844
NIFTYNXT5025AUG67100CE,NSE_FO|73847
NIFTYNXT5025AUG67000PE,NSE_FO|73846
NIFTYNXT5025AUG66800CE,NSE_FO|73841
NIFTYNXT5025AUG66700PE,NSE_FO|73840
NIFTYNXT5025AUG66900CE,NSE_FO|73843
NIFTYNXT5025AUG66800PE,NSE_FO|73842
NIFTYNXT5025AUG65800CE,NSE_FO|73816
NIFTYNXT5025AUG65700PE,NSE_FO|73815
NIFTYNXT5025AUG65900CE,NSE_FO|73818
NIFTYNXT5025AUG65800PE,NSE_FO|73817
NIFTYNXT5025AUG65600CE,NSE_FO|73812
NIFTYNXT5025AUG65500PE,NSE_FO|73811
NIFTYNXT5025AUG65700CE,NSE_FO|73814
NIFTYNXT5025AUG65600PE,NSE_FO|73813
NIFTYNXT5025AUG65500CE,NSE_FO|73810
NIFTYNXT5025AUG65900PE,NSE_FO|73819
NIFTYNXT5025AUG66100PE,NSE_FO|73827
NIFTYNXT5025AUG66100CE,NSE_FO|73826
NIFTYNXT5025AUG66200PE,NSE_FO|73829
NIFTYNXT5025AUG66200CE,NSE_FO|73828
NIFTYNXT5025AUG66000PE,NSE_FO|73823
NIFTYNXT5025AUG66000CE,NSE_FO|73820
NIFTYNXT5025AUG65300CE,NSE_FO|73801
NIFTYNXT5025AUG65200PE,NSE_FO|73800
NIFTYNXT5025AUG65300PE,NSE_FO|73802
NIFTYNXT5025AUG65400PE,NSE_FO|73809
NIFTYNXT5025AUG65400CE,NSE_FO|73808
NIFTYNXT5025AUG68300PE,NSE_FO|73891
NIFTYNXT5025AUG68000CE,NSE_FO|73878
NIFTYNXT5025AUG67900PE,NSE_FO|73877
NIFTYNXT5025AUG67800CE,NSE_FO|73874
NIFTYNXT5025AUG67900CE,NSE_FO|73876
NIFTYNXT5025AUG67800PE,NSE_FO|73875
NIFTYNXT5025AUG67700CE,NSE_FO|73870
NIFTYNXT5025AUG67700PE,NSE_FO|73871
NIFTYNXT5025AUG68200PE,NSE_FO|73889
NIFTYNXT5025AUG68100PE,NSE_FO|73885
NIFTYNXT5025AUG68200CE,NSE_FO|73887
NIFTYNXT5025AUG68000PE,NSE_FO|73880
NIFTYNXT5025AUG68100CE,NSE_FO|73882
NIFTYNXT5025AUG68300CE,NSE_FO|73890
NIFTYNXT5025AUG64900CE,NSE_FO|73731
NIFTYNXT5025AUG65000CE,NSE_FO|73744
NIFTYNXT5025AUG64900PE,NSE_FO|73743
NIFTYNXT5025AUG64600CE,NSE_FO|73719
NIFTYNXT5025AUG64800PE,NSE_FO|73728
NIFTYNXT5025AUG64800CE,NSE_FO|73727
NIFTYNXT5025AUG64700CE,NSE_FO|73724
NIFTYNXT5025AUG64600PE,NSE_FO|73723
NIFTYNXT5025AUG64700PE,NSE_FO|73725
NIFTYNXT5025AUG64500CE,NSE_FO|73708
NIFTYNXT5025AUG64400PE,NSE_FO|73707
NIFTY MS FIN SERV,NSE_INDEX|Nifty MS Fin Serv
NIFTYNXT5025AUG64500PE,NSE_FO|73709
NIFTYNXT5025AUG65100CE,NSE_FO|73797
NIFTYNXT5025AUG65000PE,NSE_FO|73796
NIFTYNXT5025AUG65200CE,NSE_FO|73799
NIFTYNXT5025AUG65100PE,NSE_FO|73798
NIFTY PHARMA,NSE_INDEX|Nifty Pharma
NIFTY TOP 15 EW,NSE_INDEX|Nifty Top 15 EW
NIFTYIETF,NSE_EQ|INF109K012R6
NIFTY2570326700PE,NSE_FO|58724
NIFTY2570326700CE,NSE_FO|58723
NIFTY2570326650PE,NSE_FO|58722
NIFTY2570326750PE,NSE_FO|58727
NIFTY2570326750CE,NSE_FO|58726
NIFTY2570326550CE,NSE_FO|58714
NIFTY2570326500PE,NSE_FO|58713
NIFTY2570326500CE,NSE_FO|58712
NIFTY2570326600PE,NSE_FO|58718
NIFTY2570326600CE,NSE_FO|58717
NIFTY2570326550PE,NSE_FO|58715
NIFTY2570326650CE,NSE_FO|58719
NIFTY2570326400PE,NSE_FO|58701
NIFTY2570326400CE,NSE_FO|58700
NIFTY2570326450PE,NSE_FO|58709
NIFTY2570326450CE,NSE_FO|58708
NIFTY500 MULTICAP,NSE_INDEX|NIFTY500 MULTICAP
NIFTY25DEC22000CE,NSE_FO|58622
NIFTY25JUN22000PE,NSE_FO|58619
NIFTY25JUN22000CE,NSE_FO|58618
NIFTY26DEC18000CE,NSE_FO|58640
NIFTY26DEC20000CE,NSE_FO|58644
NIFTY26DEC19000PE,NSE_FO|58643
NIFTY26DEC19000CE,NSE_FO|58642
NIFTY26DEC18000PE,NSE_FO|58641
NIFTY26DEC16000PE,NSE_FO|58637
NIFTY26DEC16000CE,NSE_FO|58636
NIFTY26DEC15000PE,NSE_FO|58635
NIFTY26DEC17000PE,NSE_FO|58639
NIFTY26DEC17000CE,NSE_FO|58638
NIFTY26DEC14000PE,NSE_FO|58633
NIFTY26DEC13000PE,NSE_FO|58631
NIFTY26JUN22000CE,NSE_FO|58626
NIFTY26JUN12000PE,NSE_FO|58625
NIFTY26JUN12000CE,NSE_FO|58624
NIFTY25DEC22000PE,NSE_FO|58623
NIFTY26DEC12000PE,NSE_FO|58629
NIFTY26JUN22000PE,NSE_FO|58627
NIFTY GS 10YR CLN,NSE_INDEX|Nifty GS 10Yr Cln
NIFTY2570326350PE,NSE_FO|58699
NIFTY2570326350CE,NSE_FO|58698
NIFTY2570326300PE,NSE_FO|58697
NIFTY2570326300CE,NSE_FO|58696
NIFTY26DEC22000CE,NSE_FO|58648
NIFTY26DEC21000PE,NSE_FO|58647
NIFTY26DEC21000CE,NSE_FO|58646
NIFTY26DEC20000PE,NSE_FO|58645
NIFTY26DEC22000PE,NSE_FO|58649
NIFTY2570326150PE,NSE_FO|58684
NIFTY2570326150CE,NSE_FO|58683
NIFTY2570326100PE,NSE_FO|58682
NIFTY2570326250PE,NSE_FO|58688
NIFTY2570326250CE,NSE_FO|58687
NIFTY2570326200PE,NSE_FO|58686
NIFTY2570326200CE,NSE_FO|58685
NIFTY AQLV 30,NSE_INDEX|Nifty AQLV 30
NIFTY HEALTHCARE,NSE_INDEX|NIFTY HEALTHCARE
NIFTY GS 4 8YR,NSE_INDEX|Nifty GS 4 8Yr
NIFTY2561222600PE,NSE_FO|44733
NIFTY2561222600CE,NSE_FO|44732
NIFTY2561222550PE,NSE_FO|44731
NIFTY2561222550CE,NSE_FO|44730
NIFTY2561222650PE,NSE_FO|44735
NIFTY2561222650CE,NSE_FO|44734
NIFTY2561222700CE,NSE_FO|44740
NIFTY2561222350CE,NSE_FO|44722
NIFTY2561222300PE,NSE_FO|44721
NIFTY2561222300CE,NSE_FO|44720
NIFTY2561222450CE,NSE_FO|44726
NIFTY2561222400PE,NSE_FO|44725
NIFTY2561222400CE,NSE_FO|44724
NIFTY2561222350PE,NSE_FO|44723
NIFTY2561222500PE,NSE_FO|44729
NIFTY2561222500CE,NSE_FO|44728
NIFTY2561222450PE,NSE_FO|44727
NIFTY2561223000PE,NSE_FO|44759
NIFTY2561223000CE,NSE_FO|44758
NIFTY2561222950PE,NSE_FO|44757
NIFTY2561222950CE,NSE_FO|44756
NIFTY2561223100CE,NSE_FO|44762
NIFTY2561223050PE,NSE_FO|44761
NIFTY2561223050CE,NSE_FO|44760
NIFTY2561222800CE,NSE_FO|44744
NIFTY2561222750PE,NSE_FO|44743
NIFTY2561222750CE,NSE_FO|44742
NIFTY2561222700PE,NSE_FO|44741
NIFTY2561222850CE,NSE_FO|44748
NIFTY2561222800PE,NSE_FO|44745
NIFTY2561222850PE,NSE_FO|44749
NIFTY2561222900PE,NSE_FO|44751
NIFTY2561222900CE,NSE_FO|44750
NIFTY2561222250PE,NSE_FO|44719
NIFTY2561222250CE,NSE_FO|44718
NIFTY M150 QLTY50,NSE_INDEX|NIFTY M150 QLTY50
NIFTYSML250MQ 100,NSE_INDEX|NiftySml250MQ 100
NIFTY100 EQL WGT,NSE_INDEX|NIFTY100 EQL Wgt
NIFTY50 EQL WGT,NSE_INDEX|NIFTY50 EQL Wgt
NIFTY TRANS LOGIS,NSE_INDEX|Nifty Trans Logis
NIFTY500 MQVLV50,NSE_INDEX|Nifty500 MQVLv50
NIFTY2561225650CE,NSE_FO|44898
NIFTY2561225600PE,NSE_FO|44897
NIFTY2561225600CE,NSE_FO|44896
NIFTY2561225650PE,NSE_FO|44899
NIFTY2561225450PE,NSE_FO|44887
NIFTY2561225450CE,NSE_FO|44886
NIFTY2561225400PE,NSE_FO|44885
NIFTY2561225400CE,NSE_FO|44884
NIFTY2561225500PE,NSE_FO|44889
NIFTY2561225500CE,NSE_FO|44888
NIFTY2561225550PE,NSE_FO|44893
NIFTY2561225550CE,NSE_FO|44892
NIFTY2561226000PE,NSE_FO|44913
NIFTY2561226000CE,NSE_FO|44912
NIFTY2561225950PE,NSE_FO|44911
NIFTY2561225950CE,NSE_FO|44910
NIFTY2561226100PE,NSE_FO|44917
NIFTY2561226100CE,NSE_FO|44916
NIFTY2561226050PE,NSE_FO|44915
NIFTY2561226050CE,NSE_FO|44914
NIFTY2561226150PE,NSE_FO|44919
NIFTY2561226150CE,NSE_FO|44918
NIFTY2561225750CE,NSE_FO|44902
NIFTY2561225700PE,NSE_FO|44901
NIFTY2561225700CE,NSE_FO|44900
NIFTY2561225850CE,NSE_FO|44906
NIFTY2561225800PE,NSE_FO|44905
NIFTY2561225800CE,NSE_FO|44904
NIFTY2561225750PE,NSE_FO|44903
NIFTY2561225900PE,NSE_FO|44909
NIFTY2561225900CE,NSE_FO|44908
NIFTY2561225850PE,NSE_FO|44907
NIFTY COMMODITIES,NSE_INDEX|Nifty Commodities
NIFTY MS IT TELCM,NSE_INDEX|Nifty MS IT Telcm
NIFTY2561226500PE,NSE_FO|44935
NIFTY2561226500CE,NSE_FO|44934
NIFTY2561226450PE,NSE_FO|44933
NIFTY2561226450CE,NSE_FO|44932
NIFTY2561226600PE,NSE_FO|44939
NIFTY2561226600CE,NSE_FO|44938
NIFTY2561226550PE,NSE_FO|44937
NIFTY2561226550CE,NSE_FO|44936
NIFTY2561226200CE,NSE_FO|44920
NIFTY2561226300CE,NSE_FO|44924
NIFTY2561226250PE,NSE_FO|44923
NIFTY2561226250CE,NSE_FO|44922
NIFTY2561226200PE,NSE_FO|44921
NIFTY2561226400CE,NSE_FO|44928
NIFTY2561226350PE,NSE_FO|44927
NIFTY2561226350CE,NSE_FO|44926
NIFTY2561226300PE,NSE_FO|44925
NIFTY2561226400PE,NSE_FO|44929
NIFTY2561226650PE,NSE_FO|44941
NIFTY2561226650CE,NSE_FO|44940
NIFTY2561226750CE,NSE_FO|44946
NIFTY2561226700PE,NSE_FO|44945
NIFTY2561226700CE,NSE_FO|44943
NIFTY2561226800PE,NSE_FO|44949
NIFTY2561226800CE,NSE_FO|44948
NIFTY2561226750PE,NSE_FO|44947
NIFTY50 PR 1X INV,NSE_INDEX|Nifty50 PR 1x Inv
NIFTY2561223450PE,NSE_FO|44777
NIFTY2561223450CE,NSE_FO|44776
NIFTY2561223400PE,NSE_FO|44775
NIFTY2561223400CE,NSE_FO|44774
NIFTY2561223500PE,NSE_FO|44779
NIFTY2561223500CE,NSE_FO|44778
NIFTY2561223550CE,NSE_FO|44780
NIFTY2561223600PE,NSE_FO|44783
NIFTY2561223600CE,NSE_FO|44782
NIFTY2561223550PE,NSE_FO|44781
NIFTY2561223200CE,NSE_FO|44766
NIFTY2561223150PE,NSE_FO|44765
NIFTY2561223150CE,NSE_FO|44764
NIFTY2561223100PE,NSE_FO|44763
NIFTY2561223250PE,NSE_FO|44769
NIFTY2561223250CE,NSE_FO|44768
NIFTY2561223200PE,NSE_FO|44767
NIFTY2561223350PE,NSE_FO|44773
NIFTY2561223350CE,NSE_FO|44772
NIFTY2561223300PE,NSE_FO|44771
NIFTY2561223300CE,NSE_FO|44770
NIFTY2561223850PE,NSE_FO|44799
NIFTY2561223850CE,NSE_FO|44798
NIFTY2561223800PE,NSE_FO|44797
NIFTY2561223800CE,NSE_FO|44796
NIFTY2561223650CE,NSE_FO|44788
NIFTY2561223650PE,NSE_FO|44789
NIFTY2561223750PE,NSE_FO|44795
NIFTY2561223750CE,NSE_FO|44794
NIFTY2561223700PE,NSE_FO|44793
NIFTY2561223700CE,NSE_FO|44792
NIFTY PSU BANK,NSE_INDEX|Nifty PSU Bank
NIFTY2561224750CE,NSE_FO|44854
NIFTY2561224700PE,NSE_FO|44853
NIFTY2561224700CE,NSE_FO|44852
NIFTY2561224850CE,NSE_FO|44858
NIFTY2561224800PE,NSE_FO|44857
NIFTY2561224800CE,NSE_FO|44856
NIFTY2561224750PE,NSE_FO|44855
NIFTY2561224850PE,NSE_FO|44859
NIFTY2561224900PE,NSE_FO|44861
NIFTY2561224900CE,NSE_FO|44860
NIFTY2561224600PE,NSE_FO|44843
NIFTY2561224600CE,NSE_FO|44842
NIFTY2561224550PE,NSE_FO|44841
NIFTY2561224550CE,NSE_FO|44840
NIFTY2561224650PE,NSE_FO|44845
NIFTY2561224650CE,NSE_FO|44844
NIFTY2561225200PE,NSE_FO|44875
NIFTY2561225200CE,NSE_FO|44874
NIFTY2561225150PE,NSE_FO|44873
NIFTY2561225250PE,NSE_FO|44879
NIFTY2561225250CE,NSE_FO|44878
NIFTY2561225350PE,NSE_FO|44883
NIFTY2561225350CE,NSE_FO|44882
NIFTY2561225300PE,NSE_FO|44881
NIFTY2561225300CE,NSE_FO|44880
NIFTY2561224950PE,NSE_FO|44863
NIFTY2561224950CE,NSE_FO|44862
NIFTY2561225050PE,NSE_FO|44869
NIFTY2561225050CE,NSE_FO|44868
NIFTY2561225000PE,NSE_FO|44867
NIFTY2561225000CE,NSE_FO|44866
NIFTY2561225150CE,NSE_FO|44872
NIFTY2561225100PE,NSE_FO|44871
NIFTY2561225100CE,NSE_FO|44870
NIFTY2561223950CE,NSE_FO|44810
NIFTY2561224000CE,NSE_FO|44814
NIFTY2561223950PE,NSE_FO|44811
NIFTY2561224100CE,NSE_FO|44818
NIFTY2561224050PE,NSE_FO|44817
NIFTY2561224050CE,NSE_FO|44816
NIFTY2561224000PE,NSE_FO|44815
NIFTY2561224100PE,NSE_FO|44819
NIFTY2561223900PE,NSE_FO|44809
NIFTY2561223900CE,NSE_FO|44808
NIFTY2561224400CE,NSE_FO|44832
NIFTY2561224500CE,NSE_FO|44836
NIFTY2561224450PE,NSE_FO|44835
NIFTY2561224450CE,NSE_FO|44834
NIFTY2561224400PE,NSE_FO|44833
NIFTY2561224500PE,NSE_FO|44837
NIFTY2561224150PE,NSE_FO|44821
NIFTY2561224150CE,NSE_FO|44820
NIFTY2561224250PE,NSE_FO|44825
NIFTY2561224250CE,NSE_FO|44824
NIFTY2561224200PE,NSE_FO|44823
NIFTY2561224200CE,NSE_FO|44822
NIFTY2561224350PE,NSE_FO|44829
NIFTY2561224350CE,NSE_FO|44828
NIFTY2561224300PE,NSE_FO|44827
NIFTY2561224300CE,NSE_FO|44826
NIFTYNXT5025JUN69000CE,NSE_FO|64299
NIFTYNXT5025JUN68900PE,NSE_FO|64298
NIFTYNXT5025JUN68900CE,NSE_FO|64297
NIFTYNXT5025JUN68800PE,NSE_FO|64296
NIFTYNXT5025JUN68800CE,NSE_FO|64295
NIFTYNXT5025JUN68700PE,NSE_FO|64294
NIFTYNXT5025JUN68700CE,NSE_FO|64293
NIFTYNXT5025JUN68600PE,NSE_FO|64291
NIFTYNXT5025JUN68600CE,NSE_FO|64290
NIFTYNXT5025JUN68500PE,NSE_FO|64288
NIFTYNXT5025JUN68500CE,NSE_FO|64287
NIFTYNXT5025JUN68400PE,NSE_FO|64286
NIFTYNXT5025JUN68400CE,NSE_FO|64285
NIFTYNXT5025JUN68300PE,NSE_FO|64284
NIFTYNXT5025JUN68300CE,NSE_FO|64283
NIFTYNXT5025JUN68200PE,NSE_FO|64282
NIFTYNXT5025JUN68200CE,NSE_FO|64281
NIFTYNXT5025JUN68100PE,NSE_FO|64280
NIFTYNXT5025JUN68100CE,NSE_FO|64279
NIFTYNXT5025JUN68000PE,NSE_FO|64278
NIFTYNXT5025JUN68000CE,NSE_FO|64277
NIFTYNXT5025JUN67900PE,NSE_FO|64276
NIFTYNXT5025JUN67900CE,NSE_FO|64275
NIFTYNXT5025JUN67800PE,NSE_FO|64274
NIFTYNXT5025JUN67800CE,NSE_FO|64273
NIFTYNXT5025JUN67700PE,NSE_FO|64272
NIFTYNXT5025JUN67700CE,NSE_FO|64271
NIFTYNXT5025JUN67600PE,NSE_FO|64270
NIFTYNXT5025JUN67600CE,NSE_FO|64269
NIFTYNXT5025JUN67500PE,NSE_FO|64268
NIFTYNXT5025JUN67500CE,NSE_FO|64267
NIFTYNXT5025JUN67400PE,NSE_FO|64266
NIFTY50 DIV POINT,NSE_INDEX|Nifty50 Div Point
NIFTY2560522800CE,NSE_FO|40375
NIFTYNXT5025JUN70500PE,NSE_FO|64342
NIFTY2560522750PE,NSE_FO|40374
NIFTY2560522800PE,NSE_FO|40376
NIFTYNXT5025JUN70500CE,NSE_FO|64336
NIFTYNXT5025JUN70400PE,NSE_FO|64335
NIFTYNXT5025JUN70400CE,NSE_FO|64334
NIFTY2560522850PE,NSE_FO|40384
NIFTY2560522850CE,NSE_FO|40383
NIFTYNXT5025JUN70300PE,NSE_FO|64330
NIFTY2560522700CE,NSE_FO|40365
NIFTY2560522700PE,NSE_FO|40367
NIFTYNXT5025JUN70300CE,NSE_FO|64329
NIFTYNXT5025JUN70200PE,NSE_FO|64328
NIFTYNXT5025JUN70200CE,NSE_FO|64323
NIFTY2560522750CE,NSE_FO|40373
NIFTYNXT5025JUN70100PE,NSE_FO|64322
NIFTYNXT5025JUN70100CE,NSE_FO|64321
NIFTY2560523150CE,NSE_FO|40397
NIFTYNXT5025JUN70900PE,NSE_FO|64364
NIFTY2560523200CE,NSE_FO|40399
NIFTY2560523150PE,NSE_FO|40398
NIFTY2560522900PE,NSE_FO|40386
NIFTY2560522900CE,NSE_FO|40385
NIFTY2560522950PE,NSE_FO|40388
NIFTYNXT5025JUN70900CE,NSE_FO|64351
NIFTY2560522950CE,NSE_FO|40387
NIFTYNXT5025JUN70800PE,NSE_FO|64350
NIFTY2560523000CE,NSE_FO|40389
NIFTY2560523050CE,NSE_FO|40391
NIFTY2560523000PE,NSE_FO|40390
NIFTYNXT5025JUN70800CE,NSE_FO|64347
NIFTY2560523100CE,NSE_FO|40393
NIFTYNXT5025JUN70700PE,NSE_FO|64346
NIFTY2560523050PE,NSE_FO|40392
NIFTYNXT5025JUN70700CE,NSE_FO|64345
NIFTYNXT5025JUN70600PE,NSE_FO|64344
NIFTY2560523100PE,NSE_FO|40394
NIFTYNXT5025JUN70600CE,NSE_FO|64343
NIFTY2560522450CE,NSE_FO|40353
NIFTYNXT5025JUN70000PE,NSE_FO|64320
NIFTY2560522400PE,NSE_FO|40352
NIFTY2560522500CE,NSE_FO|40355
NIFTY2560522450PE,NSE_FO|40354
NIFTY2560522550CE,NSE_FO|40357
NIFTY2560522500PE,NSE_FO|40356
NIFTY2560522600CE,NSE_FO|40359
NIFTY2560522550PE,NSE_FO|40358
NIFTYNXT5025JUN70000CE,NSE_FO|64319
NIFTYNXT5025JUN69900PE,NSE_FO|64318
NIFTYNXT5025JUN69900CE,NSE_FO|64317
NIFTYNXT5025JUN69800PE,NSE_FO|64316
NIFTYNXT5025JUN69800CE,NSE_FO|64315
NIFTYNXT5025JUN69700PE,NSE_FO|64314
NIFTY2560522600PE,NSE_FO|40360
NIFTYNXT5025JUN69700CE,NSE_FO|64313
NIFTYNXT5025JUN69600PE,NSE_FO|64312
NIFTY2560522650PE,NSE_FO|40362
NIFTYNXT5025JUN69600CE,NSE_FO|64311
NIFTY2560522650CE,NSE_FO|40361
NIFTYNXT5025JUN69500PE,NSE_FO|64310
NIFTY2560522250PE,NSE_FO|40346
NIFTY2560522250CE,NSE_FO|40345
NIFTY2560522300PE,NSE_FO|40348
NIFTY2560522300CE,NSE_FO|40347
NIFTY2560522350CE,NSE_FO|40349
NIFTYNXT5025JUN69500CE,NSE_FO|64309
NIFTYNXT5025JUN69400PE,NSE_FO|64308
NIFTYNXT5025JUN69400CE,NSE_FO|64307
NIFTYNXT5025JUN69300PE,NSE_FO|64306
NIFTYNXT5025JUN69300CE,NSE_FO|64305
NIFTYNXT5025JUN69200PE,NSE_FO|64304
NIFTYNXT5025JUN69200CE,NSE_FO|64303
NIFTYNXT5025JUN69100PE,NSE_FO|64302
NIFTYNXT5025JUN69100CE,NSE_FO|64301
NIFTY2560522400CE,NSE_FO|40351
NIFTYNXT5025JUN69000PE,NSE_FO|64300
NIFTY2560522350PE,NSE_FO|40350
NIFTY ALPHALOWVOL,NSE_INDEX|NIFTY AlphaLowVol
NIFTY25JUN15000PE,NSE_FO|40091
NIFTYNXT5025JUN67400CE,NSE_FO|64038
NIFTYNXT5025JUN67300PE,NSE_FO|64037
NIFTY MIDSML 400,NSE_INDEX|NIFTY MIDSML 400
NIFTYNXT5025AUGFUT,NSE_FO|64104
NIFTY25AUGFUT,NSE_FO|64103
NIFTY GS 11 15YR,NSE_INDEX|Nifty GS 11 15Yr
NIFTY SMLCAP 50,NSE_INDEX|NIFTY SMLCAP 50
NIFTY50 TR 1X INV,NSE_INDEX|Nifty50 TR 1x Inv
NIFTYNXT5025AUG71500PE,NSE_FO|74099
NIFTYNXT5025AUG71500CE,NSE_FO|74098
NIFTYNXT5025AUG70900CE,NSE_FO|74068
NIFTYNXT5025AUG70800PE,NSE_FO|74067
NIFTYNXT5025AUG71100CE,NSE_FO|74074
NIFTYNXT5025AUG71100PE,NSE_FO|74076
NIFTYNXT5025AUG70900PE,NSE_FO|74071
NIFTYNXT5025AUG71000PE,NSE_FO|74073
NIFTYNXT5025AUG71000CE,NSE_FO|74072
NIFTYNXT5025AUG70300CE,NSE_FO|74048
NIFTYNXT5025AUG70200PE,NSE_FO|74047
NIFTYNXT5025AUG70300PE,NSE_FO|74055
NIFTYNXT5025AUG70400PE,NSE_FO|74057
NIFTYNXT5025AUG70400CE,NSE_FO|74056
NIFTYNXT5025AUG70500PE,NSE_FO|74059
NIFTYNXT5025AUG70500CE,NSE_FO|74058
NIFTYNXT5025AUG70700CE,NSE_FO|74064
NIFTYNXT5025AUG70600PE,NSE_FO|74063
NIFTYNXT5025AUG70800CE,NSE_FO|74066
NIFTYNXT5025AUG70700PE,NSE_FO|74065
NIFTYNXT5025AUG70600CE,NSE_FO|74060
NIFTYNXT5025JUN73000CE,NSE_FO|64736
NIFTYNXT5025JUN73500PE,NSE_FO|64752
NIFTYNXT5025JUN73500CE,NSE_FO|64751
NIFTYNXT5025JUN73000PE,NSE_FO|64740
NIFTY25SEP30000PE,NSE_FO|64705
NIFTY25SEP30000CE,NSE_FO|64704
NIFTY25SEP29000PE,NSE_FO|64703
NIFTY25SEP29000CE,NSE_FO|64702
NIFTY25SEP28000PE,NSE_FO|64701
NIFTY25SEP28000CE,NSE_FO|64700
NIFTY25DEC16500PE,NSE_FO|49180
NIFTYNXT5025AUG74000PE,NSE_FO|74161
NIFTYNXT5025AUG74000CE,NSE_FO|74160
NIFTYNXT5025AUG73000PE,NSE_FO|74129
NIFTYNXT5025AUG73000CE,NSE_FO|74128
NIFTYNXT5025AUG73500CE,NSE_FO|74138
NIFTYNXT5025AUG73500PE,NSE_FO|74139
NIFTYNXT5025AUG72000PE,NSE_FO|74109
NIFTYNXT5025AUG72000CE,NSE_FO|74108
NIFTYNXT5025JUN74000PE,NSE_FO|64776
NIFTYNXT5025JUN74000CE,NSE_FO|64775
NIFTYNXT5025AUG72500PE,NSE_FO|74119
NIFTYNXT5025AUG72500CE,NSE_FO|74118
NIFTY25DEC15000PE,NSE_FO|49174
NIFTY25DEC16000PE,NSE_FO|49178
NIFTY25DEC16000CE,NSE_FO|49177
NIFTYNXT5025JUN74500PE,NSE_FO|64788
NIFTYNXT5025JUN74500CE,NSE_FO|64787
NIFTY CORP MAATR,NSE_INDEX|Nifty Corp MAATR
NIFTY25JUN16000PE,NSE_FO|39680
NIFTYNXT5025JUN71500PE,NSE_FO|64638
NIFTY25SEP27000PE,NSE_FO|64699
NIFTY25SEP27000CE,NSE_FO|64698
NIFTY25SEP26000PE,NSE_FO|64697
NIFTY25SEP26000CE,NSE_FO|64696
NIFTY25SEP25000PE,NSE_FO|64695
NIFTY25SEP25000CE,NSE_FO|64694
NIFTY25SEP24000PE,NSE_FO|64693
NIFTY25SEP24000CE,NSE_FO|64692
NIFTY25SEP23000PE,NSE_FO|64691
NIFTY25SEP23000CE,NSE_FO|64690
NIFTY25SEP22000PE,NSE_FO|64689
NIFTY25SEP22000CE,NSE_FO|64688
NIFTY25SEP21000PE,NSE_FO|64687
NIFTY25SEP21000CE,NSE_FO|64686
NIFTY25SEP20000PE,NSE_FO|64685
NIFTY25SEP20000CE,NSE_FO|64684
NIFTYNXT5025JUN72500PE,NSE_FO|64658
NIFTYNXT5025JUN72500CE,NSE_FO|64657
NIFTYNXT5025JUN72000PE,NSE_FO|64648
NIFTYNXT5025JUN72000CE,NSE_FO|64647
NIFTY25SEP19000PE,NSE_FO|64683
NIFTY25SEP19000CE,NSE_FO|64682
NIFTY25SEP18000PE,NSE_FO|64681
NIFTY25SEP18000CE,NSE_FO|64680
NIFTY25SEP17000PE,NSE_FO|64679
NIFTY25SEP17000CE,NSE_FO|64678
NIFTY2560525800CE,NSE_FO|40531
NIFTY2560525750PE,NSE_FO|40530
NIFTY2560525850CE,NSE_FO|40533
NIFTY2560525800PE,NSE_FO|40532
NIFTY2560525900CE,NSE_FO|40535
NIFTY2560525850PE,NSE_FO|40534
NIFTY2560525950CE,NSE_FO|40537
NIFTY2560525900PE,NSE_FO|40536
NIFTY2560526000CE,NSE_FO|40539
NIFTY2560525950PE,NSE_FO|40538
NIFTY2560525500PE,NSE_FO|40520
NIFTY2560525550PE,NSE_FO|40522
NIFTY2560525550CE,NSE_FO|40521
NIFTY2560525600PE,NSE_FO|40524
NIFTY2560525600CE,NSE_FO|40523
NIFTY2560525650PE,NSE_FO|40526
NIFTY2560525650CE,NSE_FO|40525
NIFTY2560525700PE,NSE_FO|40528
NIFTY2560525700CE,NSE_FO|40527
NIFTY2560525750CE,NSE_FO|40529
NIFTY2560526300CE,NSE_FO|40551
NIFTY2560526250PE,NSE_FO|40550
NIFTY2560526350CE,NSE_FO|40553
NIFTY2560526300PE,NSE_FO|40552
NIFTY2560526400CE,NSE_FO|40555
NIFTY2560526350PE,NSE_FO|40554
NIFTY2560526450CE,NSE_FO|40557
NIFTY2560526400PE,NSE_FO|40556
NIFTY2560526450PE,NSE_FO|40558
NIFTY2560526000PE,NSE_FO|40540
NIFTY2560526050PE,NSE_FO|40542
NIFTY2560526050CE,NSE_FO|40541
NIFTY2560526100PE,NSE_FO|40544
NIFTY2560526100CE,NSE_FO|40543
NIFTY2560526150PE,NSE_FO|40546
NIFTY2560526150CE,NSE_FO|40545
NIFTY2560526200PE,NSE_FO|40548
NIFTY2560526200CE,NSE_FO|40547
NIFTY2560526250CE,NSE_FO|40549
NIFTY200MOMENTM30,NSE_INDEX|Nifty200Momentm30
NIFTY2560525350CE,NSE_FO|40511
NIFTY2560525400CE,NSE_FO|40513
NIFTY2560525350PE,NSE_FO|40512
NIFTY2560525450CE,NSE_FO|40515
NIFTY2560525400PE,NSE_FO|40514
NIFTY2560525450PE,NSE_FO|40516
NIFTY2560525500CE,NSE_FO|40519
NIFTY2560525150PE,NSE_FO|40500
NIFTY2560525200PE,NSE_FO|40504
NIFTY2560525200CE,NSE_FO|40503
NIFTY2560525250PE,NSE_FO|40506
NIFTY2560525250CE,NSE_FO|40505
NIFTY2560525300PE,NSE_FO|40508
NIFTY2560525300CE,NSE_FO|40507
NIFTY2560526650PE,NSE_FO|40573
NIFTY2560526650CE,NSE_FO|40572
NIFTY2560526700CE,NSE_FO|40575
NIFTY2560526750CE,NSE_FO|40577
NIFTY2560526700PE,NSE_FO|40576
NIFTY2560526800CE,NSE_FO|40579
NIFTY2560526750PE,NSE_FO|40578
NIFTY2560526800PE,NSE_FO|40580
NIFTYNXT5025JUN71500CE,NSE_FO|64533
NIFTYNXT5025JUN71400PE,NSE_FO|64532
NIFTY2560526500CE,NSE_FO|40566
NIFTY2560526550CE,NSE_FO|40568
NIFTY2560526500PE,NSE_FO|40567
NIFTY2560526550PE,NSE_FO|40569
NIFTY2560526600PE,NSE_FO|40571
NIFTY2560526600CE,NSE_FO|40570
NIFTYNXT5025JUN71200CE,NSE_FO|64385
NIFTYNXT5025JUN71100PE,NSE_FO|64384
NIFTYNXT5025JUN71100CE,NSE_FO|64375
NIFTYNXT5025JUN71000PE,NSE_FO|64374
NIFTYNXT5025JUN71000CE,NSE_FO|64365
NIFTY ALPHA 50,NSE_INDEX|NIFTY Alpha 50
NIFTY2560523400PE,NSE_FO|40410
NIFTY2560523450PE,NSE_FO|40412
NIFTY2560523450CE,NSE_FO|40411
NIFTY2560523500PE,NSE_FO|40414
NIFTY2560523500CE,NSE_FO|40413
NIFTY2560523550PE,NSE_FO|40416
NIFTY2560523550CE,NSE_FO|40415
NIFTY2560523600PE,NSE_FO|40418
NIFTY2560523600CE,NSE_FO|40417
NIFTY2560523650CE,NSE_FO|40419
NIFTY2560523200PE,NSE_FO|40400
NIFTY2560523250CE,NSE_FO|40403
NIFTY2560523300CE,NSE_FO|40405
NIFTY2560523250PE,NSE_FO|40404
NIFTY2560523350CE,NSE_FO|40407
NIFTY2560523300PE,NSE_FO|40406
NIFTY2560523400CE,NSE_FO|40409
NIFTY2560523350PE,NSE_FO|40408
NIFTY2560523850PE,NSE_FO|40430
NIFTY2560523900PE,NSE_FO|40432
NIFTY2560523900CE,NSE_FO|40431
NIFTY2560523950PE,NSE_FO|40434
NIFTY2560523950CE,NSE_FO|40433
NIFTY2560524000PE,NSE_FO|40436
NIFTY2560524000CE,NSE_FO|40435
NIFTY2560524050PE,NSE_FO|40438
NIFTY2560524050CE,NSE_FO|40437
NIFTY2560524100CE,NSE_FO|40439
NIFTY2560523650PE,NSE_FO|40420
NIFTY2560523700CE,NSE_FO|40423
NIFTY2560523750CE,NSE_FO|40425
NIFTY2560523700PE,NSE_FO|40424
NIFTY2560523800CE,NSE_FO|40427
NIFTY2560523750PE,NSE_FO|40426
NIFTY2560523850CE,NSE_FO|40429
NIFTY2560523800PE,NSE_FO|40428
NIFTY2560525100PE,NSE_FO|40496
NIFTY2560525100CE,NSE_FO|40495
NIFTYNXT5025JUN71400CE,NSE_FO|64461
NIFTY2560525150CE,NSE_FO|40499
NIFTYNXT5025JUN71300PE,NSE_FO|64458
NIFTY2560524850CE,NSE_FO|40485
NIFTY2560524900CE,NSE_FO|40487
NIFTY2560524850PE,NSE_FO|40486
NIFTY2560524950CE,NSE_FO|40489
NIFTY2560524900PE,NSE_FO|40488
NIFTY2560524950PE,NSE_FO|40490
NIFTY2560525000PE,NSE_FO|40492
NIFTY2560525000CE,NSE_FO|40491
NIFTY2560525050PE,NSE_FO|40494
NIFTY2560525050CE,NSE_FO|40493
NIFTY2560524300PE,NSE_FO|40452
NIFTY2560524300CE,NSE_FO|40451
NIFTY2560524350PE,NSE_FO|40458
NIFTY2560524350CE,NSE_FO|40457
NIFTY2560524400CE,NSE_FO|40459
NIFTY2560524400PE,NSE_FO|40460
NIFTY2560524150CE,NSE_FO|40441
NIFTY2560524100PE,NSE_FO|40440
NIFTY2560524150PE,NSE_FO|40442
NIFTY2560524200CE,NSE_FO|40447
NIFTY2560524250CE,NSE_FO|40449
NIFTY2560524200PE,NSE_FO|40448
NIFTYNXT5025JUN71300CE,NSE_FO|64408
NIFTYNXT5025JUN71200PE,NSE_FO|64406
NIFTY2560524250PE,NSE_FO|40450
NIFTY2560524650PE,NSE_FO|40474
NIFTY2560524650CE,NSE_FO|40473
NIFTY2560524700PE,NSE_FO|40476
NIFTY2560524700CE,NSE_FO|40475
NIFTY2560524750CE,NSE_FO|40477
NIFTY2560524750PE,NSE_FO|40479
NIFTY2560524800CE,NSE_FO|40481
NIFTY2560524800PE,NSE_FO|40482
NIFTY2560524450CE,NSE_FO|40465
NIFTY2560524500CE,NSE_FO|40467
NIFTY2560524450PE,NSE_FO|40466
NIFTY2560524550CE,NSE_FO|40469
NIFTY2560524500PE,NSE_FO|40468
NIFTY2560524550PE,NSE_FO|40470
NIFTY2560524600PE,NSE_FO|40472
NIFTY2560524600CE,NSE_FO|40471
NIFTY25JUN28000PE,NSE_FO|50538
NIFTY25JUN28000CE,NSE_FO|50537
NIFTY26JUN18000PE,NSE_FO|50557
NIFTY26JUN18000CE,NSE_FO|50556
NIFTY27JUN28000PE,NSE_FO|50550
NIFTY27JUN28000CE,NSE_FO|50549
NIFTY26DEC28000PE,NSE_FO|50548
NIFTY26DEC28000CE,NSE_FO|50547
NIFTY26JUN28000PE,NSE_FO|50546
NIFTY26JUN28000CE,NSE_FO|50545
NIFTY25DEC28000PE,NSE_FO|50544
NIFTY25DEC28000CE,NSE_FO|50543
NIFTY26JUN15000PE,NSE_FO|50448
NIFTY26JUN14000PE,NSE_FO|50444
NIFTY26JUN16000PE,NSE_FO|50462
NIFTY26JUN17000PE,NSE_FO|50498
NIFTY26JUN17000CE,NSE_FO|50497
NIFTY TOTAL MKT,NSE_INDEX|NIFTY TOTAL MKT
NIFTY100 ENH ESG,NSE_INDEX|Nifty100 Enh ESG
NIFTYNXT5025AUG76500CE,NSE_FO|74303
NIFTY25DEC19000PE,NSE_FO|39988
NIFTY25DEC19000CE,NSE_FO|39987
NIFTY25JUN19000PE,NSE_FO|39986
NIFTY25JUN19000CE,NSE_FO|39982
NIFTY26JUN19000PE,NSE_FO|39990
NIFTY26JUN19000CE,NSE_FO|39989
NIFTYNXT5025AUG77000PE,NSE_FO|74372
NIFTYNXT5025AUG77000CE,NSE_FO|74371
NIFTYNXT5025AUG76500PE,NSE_FO|74350
NIFTY GROWSECT 15,NSE_INDEX|Nifty GrowSect 15
NIFTYNXT5025JUN76500PE,NSE_FO|64818
NIFTYNXT5025JUN76500CE,NSE_FO|64817
NIFTYNXT5025JUN76000PE,NSE_FO|64816
NIFTYNXT5025JUN76000CE,NSE_FO|64815
NIFTYNXT5025JUN75500PE,NSE_FO|64814
NIFTYNXT5025JUN75500CE,NSE_FO|64813
NIFTYNXT5025JUN75000PE,NSE_FO|64802
NIFTYNXT5025JUN75000CE,NSE_FO|64801
NIFTYNXT5025JUN77500PE,NSE_FO|64824
NIFTYNXT5025JUN77500CE,NSE_FO|64823
NIFTYNXT5025JUN77000PE,NSE_FO|64822
NIFTYNXT5025JUN77000CE,NSE_FO|64821
NIFTYNXT5025AUG76000CE,NSE_FO|74255
NIFTYNXT5025AUG76000PE,NSE_FO|74256
NIFTYNXT5025AUG75000PE,NSE_FO|74226
NIFTYNXT5025AUG75000CE,NSE_FO|74225
NIFTYNXT5025AUG75500CE,NSE_FO|74240
NIFTYNXT5025AUG75500PE,NSE_FO|74241
NIFTYNXT5025AUG74500PE,NSE_FO|74213
NIFTYNXT5025AUG74500CE,NSE_FO|74212